city,population_2000,population_2017,pop_growth_%,median_income_2000,median_income_2017,income_growth_%,median_house_2000,median_house_2017,median_house_growth_%,crime_index_2005,crime_index_2018,crime_increase_%,poverty_rate_%
Flint-Michigan,124932,96448,-22.8,28015,26901,-3.98,49100,27400,-44.2,1000.1,670.5,-11.54,38.9
Detroit-Michigan,950711,673104,-29.2,29526,30344,2.77,62800,50200,-20.06,1042.3,838.2,-8.41,34.5
Youngstown-Ohio,81984,64604,-21.2,24201,28843,19.18,40700,41400,1.72,752.9,440,3.46,34.9
Gary-Indiana,102713,76008,-26,27195,26669,-1.93,51900,66900,28.9,626.8,436.7,0.82,36.3
Reading-Pennsylvania,81196,88423,8.9,26698,31160,16.71,45000,70000,55.56,724.7,358.7,4.86,30.7
Trenton-New-Jersey,85390,84964,-0.5,31074,31882,2.6,66200,98100,48.19,760.3,499.7,26.11,30.4
Dayton-Ohio,166119,140371,-15.5,27423,30643,11.74,66700,63900,-4.2,734.2,571.7,-4.88,30.7
Cleveland-Ohio,478318,385525,-19.4,25928,28974,11.75,71100,70200,-1.27,830.7,691.8,-3.84,33.1
Rochester-New-York,219689,208046,-5.3,27123,33588,23.84,62100,82400,32.69,647.8,406.9,-8.99,32.3
Muncie-Indiana,67411,68625,1.8,26613,30555,14.81,57100,72100,26.27,370.6,290.4,-5.02,30.7
Lansing-Michigan,119130,116986,-1.8,34833,39957,14.71,73000,85700,17.4,538.6,483.9,7.48,26.3
Hammond-Indiana,83009,76618,-7.7,35528,45999,29.47,78500,89200,13.63,558.6,329.1,13.26,19.3
Kansas-City-Kansas,146914,152938,4.1,33011,45118,36.68,51900,103800,100,687.5,553.9,-0.22,18.6
Canton-Ohio,80761,70909,-12.2,28730,30046,4.58,66400,74200,11.75,655.4,630.2,-11.56,30.1
South-Bend-Indiana,107739,102245,-5.1,32439,42007,29.5,66200,87600,32.33,560.1,509.2,-8.3,20.1
Buffalo-New-York,292547,258612,-11.6,24536,34814,41.89,58800,92700,57.65,726.5,514.7,0.11,29.6
Memphis-Tennessee,650285,652236,0.3,32285,39333,21.83,72300,98700,36.51,962.8,854.5,-3.58,24.6
Jackson-Mississippi,184288,166965,-9.4,30414,39004,28.24,64200,93400,45.48,620.9,555.7,-17.49,23.8
Akron-Ohio,217174,197846,-8.9,31835,36816,15.65,76800,81600,6.25,524.3,479.4,-0.32,22.5
Birmingham-Alabama,242753,210710,-13.2,26735,33553,25.5,62200,87800,41.16,916.8,875.8,2.71,25.4
Toledo-Ohio,313481,276491,-11.8,32546,37339,14.73,73700,78400,6.38,761.9,452.9,4.48,24.5
Largo-Florida,69356,84754,22.2,32217,43363,34.6,63400,129500,104.26,307.8,276,-8.85,10.5
Tamarac-Florida,55604,65669,18.1,34290,41737,21.72,85900,170300,98.25,185.5,187.6,0.71,10.6
Syracuse-New-York,147375,143396,-2.7,25000,35568,42.27,67900,90100,32.7,559.7,383.1,3.09,32.4
Sunrise-Florida,85748,94323,10,40998,61887,50.95,94100,200500,113.07,280.5,172.5,-8.06,9.3
Rockford-Illinois,150052,147051,-2,37667,44765,18.84,79400,88800,11.84,642.3,567,-6.01,19.6
Deerfield-Beach-Florida,64560,80571,24.8,34041,46238,35.83,76300,165100,116.38,418.8,270.7,15.37,17.9
Baytown-Texas,66439,76804,15.6,40559,56042,38.17,63500,126600,99.37,362.6,312.5,-9.87,21.6
Mesquite-Texas,124523,143949,15.6,50424,54775,8.63,85400,142000,66.28,317.3,308.3,5.38,11
Warren-Michigan,138200,135022,-2.3,44626,46347,3.86,115400,124700,8.06,354.3,276,-11.07,18.8
Deltona-Florida,69537,90746,30.5,39736,53171,33.81,82000,148500,81.1,,,,15.2
Evansville-Indiana,121605,118930,-2.2,31963,36690,14.79,69300,92700,33.77,384,401.7,4.23,24.5
Decatur-Illinois,81829,72174,-11.8,33111,43225,30.55,60600,80100,32.18,562.2,305.8,4.91,17.8
Lorain-Ohio,68646,63841,-7,33917,32379,-4.53,85700,85800,0.12,321.5,325.3,1.93,27.2
Brownsville-Texas,139709,183299,31.2,24468,36176,47.85,49400,93300,88.87,377.8,205.6,4.19,28.1
Beaumont-Texas,113875,119114,4.6,32559,48043,47.56,62000,105000,69.35,660,499,10.7,20.3
Wichita-Falls-Texas,104225,104747,0.5,32554,42959,31.96,60900,101900,67.32,571.1,290.8,29.03,18.5
Warner-Robins-Georgia,48796,74854,53.4,38401,51435,33.94,73900,100100,35.45,388.9,459.9,-2.19,19.2
Abilene-Texas,115970,121885,5.1,33007,49365,49.56,60000,114900,91.5,397,305.1,10.74,16.8
Erie-Pennsylvania,103694,97369,-6.1,28387,37721,32.88,64700,88000,36.01,295.9,210.9,-8.08,26.9
Kokomo-Indiana,46121,57836,25.4,36258,41143,13.47,72800,82423,13.22,487.4,314.4,3.35,20.3
St.-Clair-Shores-Michigan,63105,59635,-5.5,49047,56840,15.89,122500,151195,23.42,191.2,114.7,-4.69,9.1
Pittsburgh-Pennsylvania,334521,302407,-9.6,28588,45851,60.39,60700,123600,103.62,552.9,340.2,-1.62,20.2
Racine-Wisconsin,81881,77542,-5.3,37164,43169,16.16,83400,106700,27.94,466,288.9,-0.58,17
Independence-Missouri,113339,117306,3.5,38012,49855,31.16,76000,112700,48.29,548,416.4,2.87,15
Pasadena-Texas,141623,153520,8.4,38522,50210,30.34,67600,122900,81.8,291.5,258.1,1.46,18.6
Boynton-Beach-Florida,60374,77702,28.7,39845,51372,28.93,86200,200200,132.25,434.3,336.4,-13.86,17.5
Topeka-Kansas,122424,126587,3.4,35928,48847,35.96,65700,97300,48.1,550.3,455.1,6.52,13.7
Westland-Michigan,86596,81747,-5.6,46308,47943,3.53,115100,121000,5.13,277.3,221.7,-11.55,12.1
Spring-Hill-Florida,69085,113508,64.3,32861,46710,42.14,83500,146000,74.85,,,,14.6
Allentown-Pennsylvania,106669,121283,13.7,32016,39687,23.96,77000,123700,60.65,542.5,235.7,-9.75,27
Dearborn-Michigan,97816,94491,-3.4,44560,46662,4.72,129300,144900,12.06,439.2,195.9,7.57,32.4
Cheektowaga-New-York,79947,73232,-8.4,37928,53502,41.06,81500,113800,39.63,224.5,196.5,1.95,11.5
Waukegan-Illinois,87904,87729,-0.2,42335,48029,13.45,118700,138800,16.93,224.7,231.6,2.93,14.4
Palm-Bay-Florida,79414,111657,40.6,36508,46301,26.82,76200,153200,101.05,335.3,213.5,-6.6,12.8
Killeen-Texas,86906,145482,67.4,34461,45404,31.75,72500,128300,76.97,559.7,258,7.41,15.5
Scranton-Pennsylvania,76382,77605,1.6,28805,35904,24.65,78400,108100,37.88,337.4,349,12.28,22.4
Corpus-Christi-Texas,277346,325605,17.4,36414,53605,47.21,70500,141300,100.43,540.4,410.6,5.77,14.5
Kalamazoo-Michigan,77118,75807,-1.7,31189,42271,35.53,80700,100500,24.54,544.4,647.3,-15.54,25.2
Waterbury-Connecticut,107234,108629,1.3,34285,42969,25.33,97800,134000,37.01,404.9,357.2,-0.15,21.7
Parma-Ohio,85678,79167,-7.6,43920,54588,24.29,113500,116400,2.56,176.1,122.5,15.17,8.5
Southfield-Michigan,78297,73208,-6.5,51802,58813,13.53,151200,157400,4.1,555,200.1,-4.92,7
Port-St.-Lucie-Florida,88768,189344,113.3,40509,57045,40.82,87700,205000,133.75,172.5,77.9,-19.17,6.7
Garland-Texas,215776,238002,10.3,49156,57483,16.94,86200,161700,87.59,276.6,236.1,7.29,15.2
Lakeland-Florida,78470,108054,37.7,33119,46466,40.3,71500,150800,110.91,411.8,259.6,-14.21,16.4
Lafayette-Indiana,56378,72390,28.4,35859,45315,26.37,89300,105300,17.92,409.3,311.5,-4.26,18.8
Town-n-Country-Florida,72532,89143,22.9,42415,52339,23.4,85400,176600,106.79,,,,13.8
Lawton-Oklahoma,92786,93714,1,32521,47591,46.34,69700,120500,72.88,470.8,454.3,-16.54,16.9
Montgomery-Alabama,201533,199518,-1,35627,42419,19.06,84600,119500,41.25,592,401.5,11.91,23.4
Lehigh-Acres-Florida,33430,132618,296.7,38517,47242,22.65,78600,157600,100.51,,,,17.8
Wyoming-Michigan,69349,75938,9.5,43164,56774,31.53,91700,127500,39.04,271.1,265.5,-15.39,14.5
Fayetteville-North-Carolina,121043,209889,73.4,36287,42629,17.48,87200,132400,51.83,672.4,418.3,-14.69,19.4
Milwaukee-Wisconsin,597142,595351,-0.3,32216,39098,21.36,79600,122300,53.64,600.5,571.2,-16.56,25
Albany-Georgia,76949,73179,-4.9,28639,33434,16.74,69200,97400,40.75,545.1,549.6,-4.55,29.3
Waco-Texas,113696,136436,20,26264,39063,48.73,53200,117100,120.11,596.6,371.9,12.02,24.3
Lubbock-Texas,199597,253888,27.2,31844,45764,43.71,67900,138000,103.24,559.2,509.5,3.31,20
Odessa-Texas,90942,116861,28.5,31209,58919,88.79,46500,157800,239.35,335.3,380.7,0.15,12
San-Antonio-Texas,1144546,1511946,32.1,36214,50044,38.19,67500,148200,119.56,496.3,395.1,3.46,17.3
Grand-Prairie-Texas,127440,193837,52.1,46816,67099,43.32,82000,164000,100,379,186.2,2.46,9.8
Gulfport-Mississippi,71110,71822,1,32779,35758,9.09,77900,124600,59.95,441.8,390.5,-15.09,24.4
Brandon-Florida,77885,121190,55.6,51639,54909,6.33,100200,183400,83.03,,,,11.7
San-Angelo-Texas,88444,100119,13.2,32232,46100,43.03,61000,134600,120.66,420.5,291.6,10.95,13.4
St.-Joseph-Missouri,74000,76442,3.3,32663,43585,33.44,68800,108700,57.99,370.9,418.7,10.32,16.5
Mobile-Alabama,198814,190265,-4.3,31445,40316,28.21,80400,124800,55.22,453.9,453.1,-6.16,20.8
Sioux-City-Iowa,84978,82514,-2.9,37429,53332,42.49,73100,115700,58.28,354.6,348.3,6.1,14.8
Port-Orange-Florida,45832,63203,37.9,38783,51647,33.17,87100,181861,108.8,124.6,111.3,-20.94,14.7
Riverview-Florida,12034,90538,652.3,51016,73948,44.95,118200,222400,88.16,,,,5.3
Grand-Rapids-Michigan,197839,198829,0.5,37224,48521,30.35,91100,144200,58.29,508.4,285.6,-5.48,15.8
Aurora-Illinois,143035,200965,40.5,54861,70367,28.26,132400,177700,34.21,311.3,134.8,-1.83,10.5
Laredo-Texas,176594,260654,47.6,29108,44494,52.86,70400,136400,93.75,430.6,219.3,-3.86,27.2
Baltimore-Maryland,651382,611648,-6.1,30078,47131,56.7,69900,154400,120.89,783.1,816.7,1.12,22.2
Bridgeport-Connecticut,139466,146579,5.1,34658,45048,29.98,107700,177600,64.9,582.9,303.8,-2.39,20.4
Edinburg-Texas,48459,90280,86.3,28938,55392,91.42,57100,115200,101.75,586.6,283.2,42.14,22.2
Fort-Wayne-Indiana,205648,265904,29.3,36518,46599,27.61,73100,117900,61.29,363.6,268.5,4.12,15.8
Yuma-Arizona,77517,95502,23.2,35374,50195,41.9,78100,143400,83.61,414.6,254.5,1.62,16.8
Amarillo-Texas,173610,199826,15.1,34940,51263,46.72,71600,131400,83.52,547.2,455.3,4.01,13.7
Bryan-Texas,65641,84021,28,31672,43283,36.66,71600,129600,81.01,570.2,244.2,12.64,21.8
Irving-Texas,191685,240373,25.4,44956,62837,39.77,92600,187700,102.7,370.4,186.7,2.97,11.6
Fort-Worth-Texas,534659,874168,63.5,37074,60205,62.39,69700,169400,143.04,507.8,299.1,5.73,12.9
El-Paso-Texas,563542,683577,21.3,32124,44754,39.32,69900,127700,82.69,286.7,190.8,0.21,19.3
The-Villages-Florida,8332,79620,855.5,42542,59863,40.72,135700,278500,105.23,,,,5.1
Waterloo-Iowa,68755,67587,-1.7,34092,42346,24.21,63800,125200,96.24,396.1,297.1,2.94,18
Owensboro-Kentucky,54052,59404,9.9,31867,41089,28.94,76000,119286,56.96,271.8,327.4,-5.46,20
Columbus-Ohio,711302,879170,23.6,37897,51708,36.44,99100,151400,52.77,686.1,375.4,2.91,19.8
Des-Moines-Iowa,198649,217521,9.5,38408,51355,33.71,79900,134300,68.09,525.8,426.8,3.48,14.6
Philadelphia-Pennsylvania,1517142,1580863,4.2,30746,39759,29.31,61000,166200,172.46,667,446.6,-5.13,25.7
Jackson-Tennessee,59631,66847,12.1,33194,41956,26.4,80500,138400,71.93,762.2,470.8,7.67,22.2
Jacksonville-Florida,735417,892062,21.3,40316,51497,27.73,84100,177000,110.46,506.8,353.9,-1.07,15.1
Waldorf-Maryland,22310,69519,211.6,68869,92029,33.63,154800,280800,81.4,,,,4
Clarksville-Tennessee,103446,153205,48.1,37548,55021,46.54,83500,153800,84.19,397.5,325.8,-6.56,14.2
North-Little-Rock-Arkansas,60413,65911,9.1,35578,40579,14.06,75100,137600,83.22,838,387.6,-8.3,19.1
Tonawanda-New-York,16129,14904,-7.6,37523,48111,28.22,73100,107606,47.2,176.9,153.7,-17.34,13.4
Daytona-Beach-Florida,64081,68055,6.2,25439,33228,30.62,74700,147700,97.72,861.7,494.4,6.69,28.2
Springfield-Missouri,151608,167376,10.4,29563,36421,23.2,78700,121100,53.88,563.9,767.2,-5.59,22.3
Knoxville-Tennessee,173952,187347,7.7,27492,38714,40.82,77800,133900,72.11,594.5,465.9,1.05,23.8
Arlington-Texas,333104,396394,19,47622,57083,19.87,94800,167800,77,467.6,272.7,-0.4,15.7
Temple-Texas,54501,74503,36.7,35135,52416,49.18,74400,139000,86.83,310.5,279.2,-4.99,14.9
Pompano-Beach-Florida,78183,110473,41.3,36073,49419,37,94700,197400,108.45,687.5,433.3,17.42,18.4
Rock-Hill-South-Carolina,49773,73068,46.8,37336,52663,41.05,90100,159300,76.8,536.1,329.6,0.53,13.6
Broken-Arrow-Oklahoma,74846,108303,44.7,53507,68811,28.6,98500,168200,70.76,174.7,161.5,14.78,7.2
Melbourne-Florida,71375,82011,14.9,34571,43979,27.21,80300,162100,101.87,454.7,380.1,-15.1,12.8
Peoria-Illinois,112883,112883,0,36397,48146,32.28,84000,131100,56.07,648.8,440.9,11.61,19.5
McAllen-Texas,106410,142696,34.1,33641,44108,31.11,69800,131000,87.68,411,147.5,22.14,21.4
Springfield-Illinois,111414,114868,3.1,39388,51313,30.28,84300,124400,47.57,694.7,479.7,-6.69,23
St.-Louis-Missouri,348336,308626,-11.4,27156,41441,52.6,63500,141400,122.68,1281.6,878.9,-5.44,20.3
New-Britain-Connecticut,71564,72710,1.6,34185,43574,27.47,97600,157900,61.78,378.7,267.4,0.37,21.3
Houston-Texas,1953308,2312717,18.4,36616,50896,39,77500,173600,124,659.6,497.7,0.06,20.6
Wichita-Kansas,344133,390591,13.5,39939,50504,26.45,75000,135100,80.13,526.7,605.1,-6.31,16.6
Lewisville-Texas,77728,106021,36.4,54771,65578,19.73,111900,222200,98.57,268,203.9,9.16,9.8
Palm-Coast-Florida,32734,86516,164.3,41570,49578,19.26,110500,215300,94.84,,,,14.3
North-Charleston-South-Carolina,79641,110861,39.2,29307,39265,33.98,64500,179600,178.45,921.1,572.8,-2.99,23.1
Kettering-Ohio,57473,55175,-4,45051,53576,18.92,110500,137542,24.47,238.5,116.1,19.79,12.6
Hemet-California,58812,85160,44.8,26839,39801,48.3,69900,194900,178.83,438.5,327.2,-6.2,20.2
Kansas-City-Missouri,441682,488943,10.7,37198,51330,37.99,83300,152900,83.55,839.1,679.4,5.07,15.5
Tulsa-Oklahoma,393150,401800,2.2,35316,45894,29.95,81900,139700,70.57,711.3,608.5,5.21,19.5
Pearland-Texas,37634,119940,218.7,64156,105806,64.92,114100,251400,120.33,208.3,101.2,1.96,2.7
Kenosha-Wisconsin,90386,99877,10.5,41902,52848,26.12,105800,145500,37.52,243.5,181,-12.54,15.6
Gainesville-Florida,95417,132249,38.6,28164,34226,21.52,83700,156900,87.46,473.6,428.9,-13.88,30.3
Midland-Texas,94967,136089,43.3,39320,75886,93,71400,204100,185.85,318.5,188.8,4.98,9.1
Elgin-Illinois,94500,112456,19,52605,67646,28.59,138500,189000,36.46,395.2,145.1,42.77,8.5
Roanoke-Virginia,94902,99837,5.2,30719,43799,42.58,80100,136300,70.16,604.7,352.6,7.03,19.4
New-Haven-Connecticut,123598,131014,6,29604,44445,50.13,104300,194200,86.19,769.9,427.6,3.13,23.6
North-Richland-Hills-Texas,55640,70441,26.6,56150,67307,19.87,98900,199600,101.82,246.1,137,-9.02,7.3
Rio-Rancho-New-Mexico,51754,96159,85.8,47169,57349,21.58,111900,187900,67.92,200.5,141.4,-9.4,15.6
Oshkosh-Wisconsin,62891,66665,6,37636,49972,32.78,85500,128500,50.29,205.1,120.3,-13.57,15
Janesville-Wisconsin,59481,64359,8.2,45961,54483,18.54,98900,139106,40.65,323.7,225.9,2.4,13.3
Victorville-California,64038,122441,91.2,36187,50997,40.93,95600,221500,131.69,444.1,322.1,3.28,18.1
Longview-Texas,73311,81522,11.2,33858,46081,36.1,74300,145100,95.29,638.6,296.1,9.01,18.3
Portsmouth-Virginia,100608,94572,-6,33742,50242,48.9,81000,175200,116.3,531.5,504.2,5.19,18
Pueblo-Colorado,102138,111127,8.8,29650,36124,21.83,85800,139500,62.59,508.4,626,7.8,22.3
Davenport-Iowa,98384,102320,4,37242,50081,34.47,78900,130900,65.91,688.8,497.9,34.37,14.6
Omaha-Nebraska,390052,466893,19.7,40006,56406,40.99,93300,157100,68.38,446.1,359.1,-0.13,13
Bethlehem-Pennsylvania,71354,75707,6.1,35815,53504,49.39,97100,169700,74.77,262.9,168,81.56,17.9
Hampton-Virginia,146379,134669,-8,39532,54062,36.76,90000,184100,104.56,310.1,231.8,5.98,15.9
Sunrise-Manor-Nevada,156067,193055,23.7,41066,44412,8.15,104100,168400,61.77,,,,18.7
Hartford-Connecticut,121576,123400,1.5,24820,33677,35.68,95300,168000,76.29,741.1,481.6,-0.08,31.4
Gastonia-North-Carolina,66256,76593,15.6,36924,46688,26.44,92100,149600,62.43,716.2,438.4,5.06,16.2
Joliet-Illinois,106195,148462,39.8,47761,65725,37.61,116600,179700,54.12,265.7,176.1,-5.61,9
Nampa-Idaho,51879,93590,80.4,34758,42302,21.7,89900,171100,90.32,283.3,243.3,1.47,22
St.-Petersburg-Florida,248119,263255,6.1,34597,55134,59.36,78200,198400,153.71,727.3,339.8,0.68,13.9
Dallas-Texas,1188896,1341075,12.8,37628,50627,34.55,87400,190600,118.08,753.9,417.5,3.76,18.5
Meriden-Connecticut,58238,59927,2.9,43237,59110,36.71,114700,172392,50.3,288.3,202,-2.4,10.8
High-Point-North-Carolina,85845,111513,29.9,40137,49860,24.22,101800,144600,42.04,521.2,338.7,0.5,14.1
Avondale-Arizona,35877,84025,134.2,49153,55468,12.85,122500,207300,69.22,447.9,256,19.82,13.5
Champaign-Illinois,67515,87432,29.5,32795,43785,33.51,89500,173400,93.74,493,312.6,12.25,27.2
Livonia-Michigan,100539,94105,-6.4,63018,82410,30.77,160400,190000,18.45,171.8,117.5,0.23,5.6
Bossier-City-Louisiana,56469,68554,21.4,36561,46911,28.31,77700,159900,105.79,723.6,430.5,-0.75,24.3
Wilmington-Delaware,72631,71106,-2.1,35116,35963,2.41,89300,176800,97.98,640.1,675.4,-23.22,30.7
New-Braunfels-Texas,36492,79152,116.9,40078,58814,46.75,89200,219100,145.63,273,166.5,-3.33,12
Conroe-Texas,36814,84378,129.2,34123,60931,78.56,71800,196800,174.09,511.3,211.8,28.95,10.7
Surprise-Arizona,30845,134085,334.7,44156,65898,49.24,122400,231900,89.46,191.5,117.8,1.54,6.7
Tyler-Texas,83658,104991,25.5,34163,51956,52.08,80100,153400,91.51,444.5,272,15.88,19.6
Sterling-Heights-Michigan,124419,132631,6.6,60494,64668,6.9,157800,187800,19.01,160.7,106.1,-10.37,9.3
West-Allis-Wisconsin,61282,59934,-2.2,39394,48491,23.09,99600,146032,46.62,323.8,246.1,1.25,13.4
Schaumburg-Illinois,75390,74184,-1.6,60941,80227,31.65,161500,285700,76.9,235.6,118.9,-2.04,7.4
Pembroke-Pines-Florida,137449,170712,24.2,52629,72056,36.91,122700,300600,144.99,211.3,137.2,-3.87,8.3
Casas-Adobes-Arizona,54008,73668,36.4,49736,65029,30.75,131000,201200,53.59,,,,8.7
League-City-Texas,45451,104903,130.8,67838,98593,45.34,109200,253400,132.05,158.6,123.5,-9.37,7.6
Tucson-Arizona,486536,535677,10.1,30981,41613,34.32,91200,150400,64.91,598.9,477.6,3.87,22.1
North-Las-Vegas-Nevada,115482,242975,110.4,46057,56059,21.72,120900,226600,87.43,511.3,391.5,-6.39,15.3
Shreveport-Louisiana,200246,192036,-4.1,30526,32983,8.05,70700,155300,119.66,662.4,521.9,-3.1,29.3
Eau-Claire-Wisconsin,61678,68587,11.2,36399,52355,43.84,91700,149100,62.6,190.7,226,-7.29,19
Sugar-Land-Texas,63339,88485,39.7,81767,110798,35.5,158300,332900,110.3,160,110.6,22.14,7.3
Springfield-Massachusetts,152021,154758,1.8,30417,36234,19.12,86500,152200,75.95,783.9,424.6,9.21,27.9
Fort-Smith-Arkansas,80252,88037,9.7,32157,38294,19.08,72900,121900,67.22,619.4,478.3,-1.53,19.5
Greensboro-North-Carolina,223936,290222,29.6,39661,47043,18.61,104700,157000,49.95,557.9,347,-2.11,16.8
Oklahoma-City-Oklahoma,506012,643648,27.2,34947,52062,48.97,78100,158200,102.56,653.7,465.1,12.42,15.8
Cincinnati-Ohio,331464,301301,-9.1,29493,38938,32.02,93200,143100,53.54,790.7,518.4,-1.83,27.7
Clearwater-Florida,108769,115513,6.2,36494,44062,20.74,91100,207200,127.44,462.3,275.7,10.33,14.8
Albany-New-York,95667,98251,2.7,30041,49307,64.13,97000,177100,82.58,640.1,388.9,8.07,21.9
Delray-Beach-Florida,60042,68749,14.5,43371,63357,46.08,102700,317400,209.06,503.2,335.4,-1.47,11.9
Hialeah-Florida,226320,239673,5.9,29492,34512,17.02,102300,232600,127.37,350.2,165.8,1.3,22.5
Appleton-Wisconsin,70096,74653,6.5,47285,58374,23.45,97600,148600,52.25,211.8,137.1,-4.94,10.5
Cape-Coral-Florida,102267,183365,79.3,43410,54358,25.22,106500,225800,112.02,240.4,107.3,-11.09,10.3
Charlotte-North-Carolina,540954,859035,58.8,46975,61350,30.6,131500,215500,63.88,,,,12.4
Winston-Salem-North-Carolina,185728,244605,31.7,37006,44146,19.29,99000,146300,47.78,581.2,465.1,-5.65,20.6
West-Valley-City-Utah,108936,136170,25,45773,65143,42.32,125400,219800,75.28,,,,10.1
Carrollton-Texas,109531,135710,23.9,62406,77998,24.98,124000,240700,94.11,247.8,141.9,15.63,6.6
Round-Rock-Texas,61135,123678,102.3,60354,79444,31.63,119200,267500,124.41,165.3,130.8,15.84,6.6
Lake-Charles-Louisiana,71736,77117,7.5,30774,43939,42.78,70800,167100,136.02,523.8,501.5,-13.99,13.1
Cedar-Rapids-Iowa,120756,132228,9.5,43704,56096,28.35,92900,143600,54.57,345.6,270.7,4.79,10.5
Green-Bay-Wisconsin,102352,105116,2.7,38820,47794,23.12,96300,138600,43.93,289.8,222.5,-1.7,12.9
Richardson-Texas,91810,116783,27.2,62392,72635,16.42,130500,269900,106.82,243.7,139.7,9.82,11.1
Denton-Texas,80536,136268,69.2,35422,51004,43.99,98600,223900,127.08,330.5,233.9,34.46,18.1
Lynchburg-Virginia,65265,80995,24.1,32234,45239,40.35,84900,160400,88.93,300.9,209,-6.2,17.9
Warwick-Rhode-Island,85850,80871,-5.8,46483,73966,59.12,111200,218400,96.4,195,117.9,14.71,6.7
Maple-Grove-Minnesota,50365,71066,41.1,76111,110288,44.9,153800,294200,91.29,151.3,91.2,-6.95,4.3
Columbia-South-Carolina,116256,133114,14.5,31141,42646,36.94,96800,192500,98.86,629,474.3,9.14,20.1
Orlando-Florida,185970,280257,50.7,35732,47594,33.2,97400,232600,138.81,928,474,-5.75,18.2
Little-Rock-Arkansas,183215,198606,8.4,37572,57534,53.13,87300,169900,94.62,914.4,725.3,-2.44,14.7
Newport-News-Virginia,180108,179388,-0.4,36597,49716,35.85,94200,192500,104.35,458.9,307.8,2.36,17.6
Springdale-Arkansas,45799,79599,73.8,36729,51152,39.27,86500,144400,66.94,327.6,336.2,-12.27,14.1
Miramar-Florida,72746,140328,92.9,50289,70381,39.95,112600,314600,179.4,301.7,148.4,-1.34,10.4
Las-Cruces-New-Mexico,74242,101712,37,30375,36364,19.72,83700,144100,72.16,446.8,294.8,2.62,25
Hesperia-California,62571,94859,51.6,40201,55418,37.85,94300,238600,153.02,254.8,236.4,1.8,17.8
Norfolk-Virginia,234389,244703,4.4,31815,49445,55.41,88300,204400,131.48,513.7,321.3,6.38,20
Chattanooga-Tennessee,155502,179139,15.2,32006,41859,30.78,83300,163000,95.68,714.5,593.2,-2.27,16.7
Plantation-Florida,82958,93909,13.2,53746,73817,37.34,138700,317700,129.06,279.2,203.6,-3.66,7.4
Tallahassee-Florida,150669,191049,26.8,30571,45153,47.7,98100,202400,106.32,568.8,461.4,4.56,23.6
Greenville-North-Carolina,60469,92156,52.4,28648,39423,37.61,92100,156700,70.14,520.5,283.9,-9.65,29.7
West-Palm-Beach-Florida,82132,110222,34.2,36774,51871,41.05,91500,256600,180.44,772.7,481.8,4.93,18.6
Glen-Burnie-Maryland,38927,70108,80.1,45281,62593,38.23,117700,256800,118.18,,,,7.9
Ogden-Utah,77223,87031,12.7,34047,44965,32.07,99200,182600,84.07,442.7,347.6,-1.73,20.3
St.-Cloud-Minnesota,59116,67984,15,37346,46048,23.3,93400,154600,65.52,341.7,310.7,-2.87,23.1
Lincoln-Nebraska,225622,284736,26.2,40605,56160,38.31,101600,171300,68.6,400.3,274,6.89,12.4
Frederick-Maryland,52777,71408,35.3,47700,73457,54,134300,275900,105.44,330.9,209.9,-13.87,9.9
Germantown-Maryland,55420,95711,72.7,62431,96701,54.89,133400,325600,144.08,,,,5
Duluth-Minnesota,86935,86066,-1,33766,49078,45.35,80700,165200,104.71,367.1,310.1,-6.42,19.9
Allen-Texas,43548,100685,131.2,78924,106475,34.91,142200,322400,126.72,132.4,97.1,-10.48,3.2
St.-Charles-Missouri,60316,70329,16.6,47782,63574,33.05,113800,185000,62.57,213.9,195,-3.52,9.8
Baton-Rouge-Louisiana,227880,225374,-1.1,30368,40796,34.34,93100,178300,91.51,681.5,564.9,-11.47,27
Providence-Rhode-Island,173621,180393,3.9,26867,44517,65.69,101700,203300,99.9,504,304.8,18.14,22.3
Davie-Florida,75701,105149,38.9,47014,63243,34.52,107100,281200,162.56,280.9,190.5,7.75,14.1
Palmdale-California,116680,157519,35,46941,60518,28.92,113600,274100,141.29,394,190,1.94,17.6
O-Fallon-Missouri,46176,87597,89.7,60179,85831,42.63,132800,228200,71.84,146.4,89.7,9.17,5.7
Rochester-Minnesota,85791,115733,34.9,49090,75464,53.73,110900,211900,91.07,219.7,176.4,-4.97,10.6
Dothan-Alabama,57749,68202,18.1,35000,44280,26.51,83600,156800,87.56,488.3,453.9,-0.65,18.5
Manchester-New-Hampshire,107022,111196,3.9,40774,56819,39.35,114600,226900,97.99,270.7,291.2,5.13,17.4
Jonesboro-Arkansas,55498,75866,36.7,32196,49563,53.94,85000,153000,80,544.9,387.7,-2.8,15.1
Tampa-Florida,303488,385430,27,34415,50489,46.71,80700,233800,189.71,695.8,197,14.05,18.6
Pawtucket-Rhode-Island,72949,72001,-1.3,31775,45380,42.82,101800,189300,85.95,305.5,268.2,11.05,17.8
Hollywood-Florida,139407,153627,10.2,36714,50775,38.3,98300,261700,166.23,383.3,210.2,1.78,11.5
Royal-Oak-Michigan,60073,59112,-1.6,52252,65392,25.15,149400,209573,40.28,196.8,68.8,6.21,7.2
Toms-River-New-Jersey,86321,89861,4.1,55659,79654,43.11,146300,284800,94.67,132.6,91.5,-5.08,6.9
Paterson-New-Jersey,149275,148678,-0.4,32778,41367,26.2,148500,241800,62.83,435.9,344,-9.19,25.8
Bloomington-Illinois,64783,77934,20.3,46496,67471,45.11,108200,165800,53.23,387.5,237.7,19.6,15.7
Norman-Oklahoma,95672,122843,28.4,36713,54065,47.26,93700,174900,86.66,225.1,236.5,-11.2,17.1
Moreno-Valley-California,142423,207226,45.5,47387,62198,31.26,117800,305900,159.68,355.1,261.2,-9.41,14.5
Danbury-Connecticut,74842,85246,13.9,53664,65596,22.23,174600,314300,80.01,155.2,114.1,-1.83,13.6
Virginia-Beach-Virginia,425339,450435,5.9,48705,72586,49.03,121500,282300,132.35,227.1,118.8,-1.56,8
Yakima-Washington,71830,93667,30.4,29475,41121,39.51,100100,168700,68.53,668.1,348.2,6.39,16.9
Bloomington-Indiana,69276,85071,22.8,25377,38897,53.28,119300,196900,65.05,267.2,282.5,-12.65,32.4
Fishers-Indiana,37837,91832,142.7,75638,113560,50.14,161300,274000,69.87,69.5,58.9,1.91,0.9
Glendale-Arizona,218907,246709,12.7,45015,53753,19.41,113300,220600,94.7,462.3,339,0.61,16.7
Tuscaloosa-Alabama,77923,100287,28.7,27731,47243,70.36,97400,170500,75.05,501.1,359.4,-9.76,22.2
Peoria-Arizona,108364,168181,55.2,52199,72142,38.21,121100,255800,111.23,298.1,163.3,7.15,6.6
Woodbury-Minnesota,46473,69756,50.1,76109,101069,32.8,172700,328000,89.92,141.9,86.5,19.14,3.6
Durham-North-Carolina,186971,267743,43.2,41160,56375,36.97,125600,230100,83.2,530.6,386.3,-6.44,17.1
Spokane-Washington,195592,217108,11,32273,46543,44.22,96100,190200,97.92,478.9,619.4,-2.19,18
Lee-s-Summit-Missouri,70704,97290,37.6,60905,86695,42.34,131700,211300,60.44,181.2,144.4,-0.71,3.8
Enterprise-Nevada,14676,168011,1044.8,50667,79089,56.1,186500,300800,61.29,,,,7.6
Worcester-Massachusetts,172722,185677,7.5,35623,41561,16.67,118400,221600,87.16,421.9,278.2,2.78,22.4
Thornton-Colorado,82368,136978,66.3,54445,77092,41.6,152100,324800,113.54,353.8,293.5,3.57,8.2
Brooklyn-Park-Minnesota,67375,80581,19.6,56572,71213,25.88,129700,227800,75.64,361.5,266.4,-11.98,7.9
Lancaster-California,118752,160316,35,41127,52878,28.57,97800,262400,168.3,462,341.3,-4.6,17.2
Nashua-New-Hampshire,86608,88341,2,51969,70261,35.2,132200,273900,107.19,168.1,128.4,-8.49,9.2
Aurora-Colorado,276487,366623,32.6,46507,63055,35.58,139700,299600,114.46,469.2,390,12.73,10.7
Lexington-Fayette-Kentucky,260484,321959,23.6,39813,56137,41,109700,193100,76.03,,,,16.6
St.-Paul-Minnesota,287098,306621,6.8,38774,54290,40.02,105000,211100,101.05,535.3,384.1,4.76,18.7
Spring-Valley-Nevada,117377,211280,80,48563,56063,15.44,140900,265800,88.64,,,,13.2
Lawrence-Kansas,80076,96892,21,34669,48827,40.84,112800,203800,80.67,295.8,303.8,-33.21,21.6
Mesa-Arizona,396486,496401,25.2,42817,55014,28.49,112100,224700,100.45,422.3,210.9,13.07,15
West-Des-Moines-Iowa,46398,65608,41.4,54139,77476,43.11,137800,248756,80.52,214.3,176.2,-2.28,6.8
Iowa-City-Iowa,62231,75798,21.8,34977,50320,43.87,121400,219100,80.48,207.9,187,0.24,27.3
Bloomington-Minnesota,85184,85866,0.8,54628,69642,27.48,144800,243500,68.16,250.7,214.7,-1.1,6.9
Concord-North-Carolina,55967,92067,64.5,46094,67844,47.19,113700,212300,86.72,351.6,121.4,-1.73,10.4
Fort-Myers-Florida,48216,79943,65.8,28514,45511,59.61,71700,230800,221.9,797.1,356.9,10.28,14.4
Rapid-City-South-Dakota,59584,74421,24.9,35978,49602,37.87,85500,184200,115.44,342.8,370.6,14.38,16.4
Chesapeake-Virginia,199169,240397,20.7,50743,76629,51.01,119700,270200,125.73,315.9,214.6,15.8,9.5
Murfreesboro-Tennessee,68805,136372,98.2,39705,64953,63.59,118500,243800,105.74,434.8,289.9,-5.52,13.3
Ames-Iowa,50723,66498,31.1,36042,51860,43.89,125300,216000,72.39,202.9,183.4,-8.6,25.5
Gilbert-Arizona,109712,242354,120.9,68032,84699,24.5,157100,320000,103.69,176.9,100.1,-2.7,5.6
Suffolk-Virginia,63681,90237,41.7,41115,70277,70.93,104500,252000,141.15,346.4,206.2,16.01,10.9
Columbia-Missouri,84525,121717,44,33729,47043,39.47,110700,187100,69.02,305.1,266.4,4.41,20.7
Phoenix-Arizona,1320940,1626078,23.1,41207,56696,37.59,107000,231000,115.89,578.3,396.8,3.53,16.8
Lafayette-Louisiana,110302,126848,15,35996,41964,16.58,99800,193000,93.39,524.9,361.9,-11.41,21.4
Plano-Texas,221988,286143,28.9,78722,94306,19.8,161200,329500,104.4,242,131.1,2.67,5.1
Huntsville-Alabama,158199,194585,23,41074,50704,23.45,95600,170900,78.77,583.6,505.2,-4.66,18.7
Madison-Wisconsin,207998,255214,22.7,41941,65072,55.15,137700,240700,74.8,284.3,245,-2.9,18.7
San-Bernardino-California,185465,216995,17,31140,46510,49.36,94300,245900,160.76,697.2,630.2,18.59,22.7
Newark-New-Jersey,273660,285154,4.2,26913,35167,30.67,132800,235000,76.96,609,368.5,3.08,27.8
Waukesha-Wisconsin,64838,72489,11.8,50084,60923,21.64,138000,209800,52.03,150.7,110,-6.92,8.1
West-Jordan-Utah,68329,113905,66.7,55794,74400,33.35,152600,283700,85.91,228.2,203,-6.13,7.2
Georgetown-Texas,28342,70685,149.4,54098,71829,32.78,139200,280300,101.36,129.5,85.1,16.46,9.2
Raleigh-North-Carolina,276148,464758,68.3,46612,64660,38.72,152400,239700,57.28,363.7,259.8,1.28,12.6
Columbia-Maryland,88262,103709,17.5,71524,100665,40.74,172700,370600,114.59,,,,9.2
Kennewick-Washington,54696,81607,49.2,41213,51061,23.9,106300,200500,88.62,360.5,196,6.31,14.5
Farmington-Hills-Michigan,82117,81050,-1.3,67493,82592,22.37,220400,257000,16.61,176.2,70.9,20.52,7.6
Antioch-California,90497,111674,23.4,60359,70696,17.13,195300,408100,108.96,338.7,322.6,-7.81,17.1
McKinney-Texas,54371,181330,233.5,63366,93546,47.63,145400,317200,118.16,199.6,103.4,2.99,7.9
Jupiter-Florida,39331,64976,65.2,54945,73229,33.28,140700,346122,146,233,123.1,-1.85,8.6
Sioux-Falls-South-Dakota,123957,176888,42.7,41221,61915,50.2,97300,193900,99.28,290.8,278.8,18.31,8.5
Las-Vegas-Nevada,478505,641676,34.1,44069,56699,28.66,133100,245500,84.45,514.6,363.9,-9.96,14.5
Merced-California,63908,83081,30,30429,40573,33.34,103200,222700,115.79,511.7,289.1,4.64,31.6
Cheyenne-Wyoming,53020,63624,20,38856,60786,56.44,100400,215781,114.92,270.7,287.8,-1.02,11.1
Bakersfield-California,247000,380874,54.2,39982,57105,42.83,103500,239700,131.59,474.1,378.5,9.59,17.8
Cranston-Rhode-Island,79298,81202,2.4,44108,71263,61.56,122600,245600,100.33,174.9,118.1,3.92,7.3
Visalia-California,91541,133010,45.3,41349,64482,55.95,112200,233900,108.47,594.9,280.2,10.41,16.4
Edmond-Oklahoma,68313,91950,34.6,54556,69570,27.52,118000,232900,97.37,180.9,118,3.02,12.4
Richmond-Virginia,197763,227032,14.8,31121,46261,48.65,87400,233200,166.82,755.7,371.1,21.24,24.4
Brockton-Massachusetts,94258,95672,1.5,39507,58357,47.71,127900,264200,106.57,498.9,369.4,1.18,10.5
Westminster-Colorado,100905,112812,11.8,56323,64214,14.01,165600,341200,106.04,332.3,261.9,14.27,9.5
New-Orleans-Louisiana,484946,393292,-18.9,27133,36999,36.36,88100,227800,158.57,370,661.1,-62.09,26.2
Albuquerque-New-Mexico,448630,558545,24.5,38272,50456,31.84,123700,196900,59.18,580.7,710.3,-1.09,15.2
Johnson-City-Tennessee,55464,66391,19.7,30835,35700,15.78,95300,166900,75.13,479.7,293.3,10,22.1
Lowell-Massachusetts,105142,111346,5.9,39192,50391,28.57,130500,270100,106.97,416.5,172.1,0.39,22.9
Olathe-Kansas,92949,137472,47.9,61111,87052,42.45,138600,239100,72.51,229.8,147.1,19.44,4.1
Rochester-Hills-Michigan,68835,74205,7.8,74912,93573,24.91,215100,285300,32.64,51.4,51.9,-6.88,4.2
Tacoma-Washington,193488,213418,10.3,37879,57164,50.91,123400,269800,118.64,744.3,538,-1.78,14.9
Vancouver-Washington,143523,175673,22.4,41618,61079,46.76,140800,290500,106.32,396.2,324.1,19.48,13.2
Chandler-Arizona,176625,253458,43.5,58416,76860,31.57,135100,292800,116.73,283.3,186.7,-1.7,8.1
Chicago-Illinois,2896002,2716450,-6.2,38625,55295,43.16,144300,255900,77.34,610.1,468.8,0.98,18.6
Tempe-Arizona,158558,185038,16.7,42361,51986,22.72,126700,266900,110.66,564.7,360.8,-2.32,22.1
Elk-Grove-California,59980,171844,186.5,60661,89404,47.38,150900,403300,167.26,240,131.1,-2.79,7.7
Lawrence-Massachusetts,72023,80162,11.3,27983,41499,48.3,116400,282300,142.53,349.8,227.6,-7.17,18.7
Paradise-Nevada,186015,235123,26.4,39376,45777,16.26,134200,229600,71.09,,,,18.4
The-Woodlands-Texas,55656,115097,106.8,85253,117180,37.45,167000,366200,119.28,,,,2.3
Murrieta-California,44285,113326,155.9,60911,82249,35.03,190300,417000,119.13,177.6,93.8,6.35,5.2
Meridian-Idaho,34914,99926,186.2,53276,64273,20.64,119800,271800,126.88,189.9,116.3,6.63,10.9
Palatine-Illinois,65500,68644,4.8,63321,71794,13.38,183400,285300,55.56,119.3,44.3,7.87,13.7
Fresno-California,427768,527438,23.3,32236,48600,50.76,94900,234500,147.1,530.2,326.4,8.6,23.7
Colorado-Springs-Colorado,360896,464474,28.7,45081,59514,32.02,143300,265400,85.21,411.4,367.2,-0.82,12.8
Hillsboro-Oregon,70186,106894,52.3,51737,83992,62.34,163200,350000,114.46,283.7,180.9,22.44,5
Citrus-Heights-California,85039,87931,3.4,43859,58774,34.01,132700,302300,127.81,362,257.3,2.9,9.7
Overland-Park-Kansas,149086,191278,28.3,62116,79070,27.29,160900,270800,68.3,208.3,179.4,9.34,5.1
College-Station-Texas,67880,113564,67.3,21180,44124,108.33,114000,244000,114.04,284.2,179.5,3.53,32.7
Coral-Springs-Florida,117523,133037,13.2,58459,72557,24.12,166000,347400,109.28,140.3,121,-14.35,9.5
Greeley-Colorado,76913,105448,37.1,36414,53379,46.59,129600,248000,91.36,489.6,256.1,26.74,15.3
Stockton-California,243717,310496,27.4,35453,51336,44.8,117500,282000,140,756.1,573.6,0.03,19.3
Highlands-Ranch-Colorado,70910,107216,51.2,86792,115195,32.73,234400,469500,100.3,,,,3.8
Modesto-California,188907,214221,13.4,40394,56493,39.85,123800,279600,125.85,504.5,419.3,5.43,12.6
Temecula-California,57711,114327,98.1,59516,89173,49.83,189500,457300,141.32,274.4,146.2,9.89,6.3
Atlanta-Georgia,416344,486290,16.8,34770,57597,65.65,144100,299400,107.77,861.5,469,8.64,19.3
Rialto-California,91891,103562,12.7,41254,57065,38.33,113200,307900,172,428.4,314.6,14.39,17.6
Eagan-Minnesota,63575,66627,4.8,67388,86611,28.53,161000,288500,79.19,138.3,125.6,-8.95,7.7
Elizabeth-New-Jersey,120569,130215,8,35175,46754,32.92,154600,272700,76.39,429.8,354.2,-0.65,16
Santa-Maria-California,77434,107014,38.2,36541,60320,65.07,140000,350200,150.14,340.7,253.2,-8.29,13.5
Henderson-Nevada,175384,302539,72.5,55949,69667,24.52,151400,311200,105.55,219.7,163.3,-6.11,8.3
Minneapolis-Minnesota,382546,422331,10.4,37974,60789,60.08,113700,250400,120.23,769.9,458.3,-7.79,18.3
Loveland-Colorado,50594,76701,51.6,47119,60933,29.32,154500,316700,104.98,210.4,196.7,15.73,7
Vallejo-California,116735,122105,4.6,50030,65493,30.91,162600,373100,129.46,546.4,485.1,-0.44,11.6
Great-Falls-Montana,56666,58876,3.9,32436,46939,44.71,89700,174495,94.53,355,349.9,16.81,16.1
Broomfield-Colorado,38264,68341,78.6,63903,90939,42.31,182200,416600,128.65,214.5,152.9,19.57,4.7
Salem-Oregon,136933,169798,24,38881,56186,44.51,126300,234900,85.99,425.9,322.5,5.95,16.3
Asheville-North-Carolina,68892,91902,33.4,32772,50184,53.13,105200,267000,153.8,542.9,444.1,11.59,11.3
Kendall-Florida,75234,73805,-1.9,51330,72167,40.59,150100,393800,162.36,,,,8
Ontario-California,157988,175841,11.3,42452,60086,41.54,136300,369700,171.24,373.2,268.5,-2.28,13.1
Gresham-Oregon,90213,111053,23.1,43442,51130,17.7,155800,296300,90.18,467.8,325.8,14.77,15.7
Metairie-Louisiana,146116,146847,0.5,41265,58947,42.85,137200,238400,73.76,,,,12
Redding-California,80875,91794,13.5,34194,50320,47.16,116300,260000,123.56,427.6,398.3,25.58,18.7
Clifton-New-Jersey,78662,86607,10.1,50619,70387,39.05,183600,337300,83.71,184.7,105.2,1.54,13.4
Grand-Junction-Colorado,41985,62475,48.8,33152,48754,47.06,114000,226798,98.95,522.7,350.5,6.91,18.9
Rancho-Cordova-California,55062,73563,33.6,40095,64088,59.84,111700,304400,172.52,354.8,205.6,-1.96,13
Ann-Arbor-Michigan,114062,121477,6.5,46299,70499,52.27,178500,323400,81.18,241.5,148.1,14.02,19.3
Kent-Washington,79540,128458,61.5,46046,67497,46.59,168100,343700,104.46,595.4,372.6,-7.86,14.9
Troy-Michigan,80978,83813,3.5,77538,95825,23.58,217800,297600,36.64,142.7,82.3,-9.05,3.8
Indio-California,49120,89793,82.8,34624,45278,30.77,92300,277400,200.54,413.7,287.7,0.53,14.8
Billings-Montana,89870,109642,22,35147,57527,63.68,96700,226100,133.82,334.7,399.1,25.64,9.5
Auburn-Washington,40307,80776,100.4,39208,69243,76.6,132400,323100,144.03,626.9,360.8,8.93,12.6
Fairfield-California,96167,116266,20.9,51151,81231,58.81,170600,415700,143.67,393.8,301.5,0.66,9.5
Everett-Washington,91503,110079,20.3,40100,61248,52.74,161700,325900,101.55,600,335.5,-11.79,11.3
Fargo-North-Dakota,90569,122359,35.1,35510,59542,67.68,94100,213300,126.67,182,298.7,-26.52,11.1
Federal-Way-Washington,83281,96690,16.1,49278,61804,25.42,165300,340500,105.99,552.3,381.8,17.04,10.2
Vacaville-California,88602,100032,12.9,57667,80425,39.46,176000,426400,142.27,209.3,166,-2.88,8.8
Orem-Utah,84343,97839,16,47529,61729,29.88,150800,266600,76.79,199,111.3,30.24,13.9
Tracy-California,56912,90889,59.7,62794,89936,43.22,211700,456100,115.45,264.4,200.8,20.62,9.6
Portland-Maine,64247,66882,4.1,35650,56326,58,125200,291200,132.59,365,223.7,-9.83,16
Boise-City-Idaho,185713,226570,22,42432,55943,31.84,118100,242000,104.91,307.3,197.4,7.41,13.5
Wilmington-North-Carolina,75824,119045,57,31099,46079,48.17,121600,249400,105.1,614.4,327.2,1.91,22.3
Hoover-Alabama,62764,84920,35.3,61982,84054,35.61,176400,283500,60.71,233.3,95.3,3.05,7.5
Austin-Texas,656571,950715,44.8,42689,67755,58.72,120800,332700,175.41,435.5,304.1,0.25,13.1
Charleston-South-Carolina,96684,134875,39.5,35295,63364,79.53,137800,344600,150.07,480.5,205.6,3.69,11.7
Frisco-Texas,33710,177286,425.9,79149,122302,54.52,156000,404100,159.04,236.4,95.8,-5.25,4.8
Renton-Washington,50063,101379,102.5,45820,78703,71.77,172800,401600,132.41,618.2,358.1,9.59,8.8
Arlington-Heights-Illinois,76014,75634,-0.5,67807,101634,49.89,222900,377500,69.36,99.5,53.3,-5.15,3.7
Santa-Fe-New-Mexico,62194,83776,34.7,40392,57022,41.17,177200,283000,59.71,496.8,343.9,-6.51,11.2
Fort-Lauderdale-Florida,152345,180072,18.2,37887,56309,48.62,132600,329500,148.49,600.8,413.8,0.96,18.8
Sparks-Nevada,66330,100888,52.1,45745,58961,28.89,138900,305800,120.16,350.4,279.8,-1.24,8.3
Boca-Raton-Florida,74752,98150,31.3,60248,80815,34.14,195200,459200,135.25,252.1,179.5,6.1,9.4
Lynn-Massachusetts,89074,94063,5.6,37364,48900,30.87,145300,336100,131.31,472.9,244.6,6.25,16.1
Miami-Florida,362556,463347,27.8,23483,40327,71.73,116400,322100,176.72,725.7,346.8,5.76,22.7
Plymouth-Minnesota,65878,78395,19,77008,97770,26.96,191100,361900,89.38,143.6,79.3,14.15,3.3
Medford-Oregon,63150,81780,29.5,36481,48825,33.84,128500,270400,110.43,418,386.8,32.87,17.8
Clovis-California,68471,109691,60.2,42283,78146,84.82,122100,319100,161.34,268.1,171.2,14.52,9.9
Fayetteville-Arkansas,58037,85257,46.9,31345,42365,35.16,97700,218300,123.44,366.6,387.1,-2.55,21.4
Riverside-California,255239,327728,28.4,41646,66928,60.71,136000,368600,171.03,436.4,312.3,5.33,12.8
Sandy-Utah,88449,96145,8.7,66458,88481,33.14,180700,347300,92.2,213.3,199.6,-0.47,4.9
Fort-Collins-Colorado,118677,165080,39.1,44459,60731,36.6,164000,366500,123.48,299.9,160.8,7.76,17
Longmont-Colorado,71093,94341,32.7,51174,73832,44.28,173800,366900,111.1,222.5,298.8,18.1,12.7
Sacramento-California,407056,501901,23.3,37049,56943,53.7,126000,335900,166.59,644.1,337.6,-3.27,15.6
New-Bedford-Massachusetts,93806,95120,1.4,27569,45784,66.07,113500,236200,108.11,469.1,303.4,-7,18.3
Lakewood-Colorado,144146,154958,7.5,48109,67255,39.8,169000,385200,127.93,450.6,448.2,10.71,10.2
Norwalk-Connecticut,82949,89005,7.3,59839,70236,17.37,249300,423500,69.88,255.2,143,15.95,11.4
St.-George-Utah,49650,84405,70,36505,54210,48.5,135100,289500,114.29,244.3,164.8,9.16,13.2
Mount-Vernon-New-York,68361,68703,0.5,41128,55564,35.1,224300,341400,52.21,382,224.4,-8.44,8
Franklin-Tennessee,41838,78321,87.2,56431,96199,70.47,179500,412900,130.03,151.3,98.8,12.49,4.5
Jersey-City-New-Jersey,240029,270753,12.8,37862,66264,75.01,137900,379900,175.49,574,230,12.59,14.5
Fontana-California,128919,211815,64.3,45782,67067,46.49,128700,373600,190.29,278.4,184.4,6.34,13.4
Rockville-Maryland,47401,68401,44.3,68074,100388,47.47,192800,484000,151.04,,,,5.3
Santa-Clarita-California,151065,210888,39.6,66717,90961,36.34,216900,536700,147.44,169.5,105.1,-0.82,9.7
Rancho-Cucamonga-California,127755,177452,38.9,60931,90034,47.76,176400,488000,176.64,211.5,162.1,14.63,6.6
Oceanside-California,161053,176193,9.4,46301,71609,54.66,185400,514600,177.56,338.5,222.6,12.46,10.5
Eugene-Oregon,137890,168916,22.5,35850,50592,41.12,145000,279000,92.41,435.5,288.3,18.6,19
Carmel-Indiana,37739,92198,144.3,81583,109858,34.66,201400,345900,71.75,94.7,53.8,-0.53,2.2
Norwalk-California,103295,106084,2.7,46047,74730,62.29,160100,441000,175.45,287.2,225.9,-2.21,8.2
Bismarck-North-Dakota,55537,72865,31.2,39422,62755,59.19,90300,247400,173.98,151.9,235.2,-23.9,8.5
Arvada-Colorado,102155,118807,16.3,55541,81787,47.26,173200,382700,120.96,246,218.6,18.44,6.8
Beaverton-Oregon,76123,97514,28.1,47863,71979,50.39,186100,389500,109.3,243.2,181,28.41,8.8
Roseville-California,79934,135329,69.3,57367,80426,40.2,192300,441100,129.38,328,181.2,15.05,9.8
Evanston-Illinois,74236,74756,0.7,56335,77821,38.14,229500,374300,63.09,273.4,161.3,-5.53,12.8
Oxnard-California,170346,210037,23.3,48603,68994,41.95,183200,458400,150.22,271.1,242,4.27,13.7
Naperville-Illinois,128307,147682,15.1,88771,126217,42.18,248200,410000,65.19,138.7,78.2,30.97,2.9
Cary-North-Carolina,94532,165904,75.5,75122,99209,32.06,193000,356800,84.87,131.1,68.7,-3.53,5.6
Framingham-Massachusetts,66894,72045,7.7,54288,84050,54.82,210800,420300,99.38,197.4,143.4,6.47,11.2
Quincy-Massachusetts,88005,94166,7,47121,77765,65.03,181500,426200,134.82,190.5,161.8,-2.31,12.4
Pomona-California,149500,152939,2.3,40021,58837,47.02,134000,405000,202.24,417.5,354.3,1.48,20.2
Simi-Valley-California,111394,126878,13.9,70370,90200,28.18,235200,602800,156.29,140.4,116.4,1.81,8.1
Mount-Pleasant-South-Carolina,47619,86668,82,61054,91259,49.47,180000,449000,149.44,194.6,101.9,7.22,5.4
Corona-California,124970,167836,34.3,59615,83345,39.81,190900,470300,146.36,238,159.8,12.96,9.7
Salinas-California,151098,157596,4.3,43720,60370,38.08,189500,431500,127.7,427.2,359.8,0.9,13.6
Vista-California,89883,101568,13,42594,68130,59.95,188700,478000,153.31,336.2,179.7,7.41,9
Greenville-South-Carolina,56009,68219,21.8,33144,52900,59.61,112500,282900,151.47,636,342.9,6.6,12.5
Yonkers-New-York,196134,202019,3,44663,59846,33.99,214100,429300,100.51,227.7,132.2,-1.68,15.4
Roswell-Georgia,79318,94786,19.5,71726,82743,15.36,204700,367900,79.73,176.6,114.5,-3.13,9.3
Chico-California,59956,93293,55.6,29359,50544,72.16,138600,332300,139.75,327,325.2,-9.67,23.1
Provo-Utah,105138,117335,11.6,34313,43126,25.68,144900,256900,77.29,230.1,156.3,34.09,23.4
Denver-Colorado,554819,704621,27,39500,65224,65.12,160100,395100,146.78,574.3,431.5,16.99,12.2
Carson-California,89772,92735,3.3,52284,66784,27.73,176100,467600,165.53,329.9,241.7,-15.61,8.8
Stamford-Connecticut,117120,130824,11.7,60556,87316,44.19,306700,517700,68.8,179.8,128.1,7.47,9.4
Richmond-California,99224,110040,10.9,44210,67102,51.78,170700,495400,190.22,718.9,495.1,0.67,14.7
Lakewood-California,79379,80967,2,58214,83485,43.41,201800,583200,189,300.1,215.1,2.99,6.4
Chula-Vista-California,173601,270471,55.8,44861,77273,72.25,187100,497800,166.06,341.5,160.5,7.09,11.5
Hayward-California,140052,160500,14.6,51177,89925,75.71,223800,595500,166.09,373.6,300.1,-8.45,6
Fall-River-Massachusetts,91901,89420,-2.7,29014,43235,49.01,133900,249300,86.18,513.8,352.3,4.75,19.1
Mission-Viejo-California,93129,96016,3.1,78248,102787,31.36,288700,694600,140.6,94.3,76,4.89,7.7
Folsom-California,51886,78038,50.4,73175,116592,59.33,223300,521600,133.59,172.3,119.3,3.42,3.9
West-Covina-California,105076,107598,2.4,53002,81170,53.15,188400,559200,196.82,299.7,202.2,-1.83,7.5
Santa-Ana-California,337852,334136,-1.1,43412,65655,51.24,173300,494700,185.46,318.6,263.8,4.19,15.4
Escondido-California,133540,151969,13.8,42567,62210,46.15,178000,442800,148.76,324.7,201.3,2.46,12
Silver-Spring-Maryland,76515,80265,4.9,51653,84393,63.38,183300,489000,166.78,,,,6.9
Bend-Oregon,52019,94520,81.7,40857,66455,62.65,138100,400700,190.15,307.9,145,11.56,7.8
Salt-Lake-City-Utah,181816,200544,10.3,36944,58688,58.86,152400,307900,102.03,618.6,548.2,-4.12,17.4
Reno-Nevada,180459,248853,37.9,40530,57125,40.94,147900,328700,122.24,480.7,312.7,0.17,12.7
Hoboken-New-Jersey,38580,55131,42.9,62550,104248,66.66,249300,578535,132.06,259,122.4,19.08,10.5
San-Marcos-California,54970,96198,75,45908,76272,66.14,178400,525200,194.39,217.1,112.3,-9.95,9.1
Boston-Massachusetts,589074,685094,16.3,39629,66758,68.46,210100,540600,157.31,596.5,275.2,-0.37,18.7
Lake-Forest-California,58699,84293,43.6,67967,99913,47,258500,626900,142.51,109.1,99.3,2.73,4.9
Santa-Rosa-California,147657,175269,18.7,50931,75356,47.96,236000,568200,140.76,326.4,244.4,8.55,10
Concord-California,121747,129783,6.6,55597,89118,60.29,220500,572800,159.77,368.6,267.5,5.25,7.7
Missoula-Montana,57073,73340,28.5,30366,44241,45.69,127900,279800,118.76,393,368.1,22.43,21.2
Portland-Oregon,529252,647805,22.4,40146,66187,64.87,154700,427500,176.34,561.6,447.8,11.14,14.7
Carmichael-California,49742,65959,32.6,47041,69552,47.85,172200,382500,122.13,,,,11.8
Alexandria-Virginia,128233,160035,24.8,56054,100530,79.34,202400,573200,183.2,224.2,123,4.52,11.7
Ellicott-City-Maryland,56416,76727,36,79031,123380,56.12,237800,538800,126.58,,,,5.5
Miami-Beach-Florida,87911,92307,5,27322,50152,83.56,138700,458800,230.79,808.3,626.2,3.15,16.5
El-Cajon-California,94880,103894,9.5,35566,50312,41.46,178600,458100,156.49,400.2,254.5,10.37,21.3
Inglewood-California,112625,110598,-1.8,34269,51456,50.15,170400,528300,210.04,451.5,338.7,-0.64,16.5
Redmond-Washington,45243,64291,42.1,66735,123721,85.39,255200,731191,186.52,245.1,166.8,12.23,6
Kirkland-Washington,45058,88630,96.7,60332,106722,76.89,266400,682300,156.12,256.4,148.6,-12.22,7.5
Daly-City-California,103653,107074,3.3,62310,90888,45.86,324200,786200,142.5,195.1,149.8,-5.47,6
Anaheim-California,327904,352497,7.5,47122,70395,49.39,204000,577500,183.09,287.3,231.8,4.47,15.9
East-Los-Angeles-California,124299,125542,1,28544,43231,51.45,157000,434200,176.56,,,,20.7
Arlington-Virginia,189487,234965,24,63001,117237,86.09,233700,735100,214.55,,,,5.2
Thousand-Oaks-California,117055,128995,10.2,76815,100338,30.62,312900,728700,132.89,110.6,110.1,1.84,5.1
Cambridge-Massachusetts,101364,113630,12.1,47979,97316,102.83,331600,773200,133.17,300.1,164.5,6.68,12.5
Bellingham-Washington,67153,89045,32.6,32530,53369,64.06,148900,372600,150.24,431,244.7,3.83,19.7
Somerville-Massachusetts,77485,81360,5,46315,89478,93.19,262000,666500,154.39,222.3,124.5,-14.53,13.6
Tustin-California,67531,80498,19.2,55985,81285,45.19,251000,668500,166.33,239,154.5,22.13,12.9
Garden-Grove-California,165143,174226,5.5,47754,66842,39.97,194500,558800,187.3,263.9,207.1,6.11,15.3
Irvine-California,143090,277453,93.9,72057,104185,44.59,301400,822100,172.76,117.4,81.3,11.7,12.7
Upland-California,68382,76999,12.6,48734,70760,45.2,203100,495700,144.07,323.8,244.3,6.3,10
San-Diego-California,1223720,1419516,16,45733,76662,67.63,220000,600300,172.86,350.8,212.9,1.01,13.1
El-Monte-California,115993,116109,0.1,32439,51730,59.47,153100,442100,188.77,318.9,209,9.97,19.7
Scottsdale-Arizona,202716,249950,23.3,57484,88407,53.79,205000,473300,130.88,242.1,172,-4.23,7.8
Arden-Arcade-California,96058,100573,4.7,40335,48812,21.02,166700,372100,123.22,,,,19.7
Napa-California,72587,79774,9.9,49154,82361,67.56,230500,633200,174.71,253.1,194.8,-2.16,5.5
Livermore-California,73350,90295,23.1,75322,118406,57.2,309100,745600,141.22,174.7,156.3,2.04,2.8
Sandy-Springs-Georgia,85803,106739,24.4,60428,74223,22.83,316600,499200,57.68,301.4,124.8,7.15,7.7
San-Leandro-California,79432,90553,14,51081,64923,27.1,229700,597000,159.9,455.5,359.6,-15.62,11.8
Laguna-Niguel-California,61878,66334,7.2,80733,102386,26.82,361700,809500,123.8,85.2,75.5,23.84,6.8
Orange-California,128835,140560,9.1,58994,91092,54.41,247000,656300,165.71,175.1,125.7,-4.37,14.4
New-Rochelle-New-York,72153,79946,10.8,55513,84516,52.25,299900,595000,98.4,192.9,76.7,-6.13,9.3
Downey-California,107297,113092,5.4,45667,72178,58.05,207400,556600,168.37,313.3,221.9,1.26,9.4
Washington-District-of-Columbia,572112,693972,21.3,40127,82372,105.28,153500,607200,295.57,682.5,490.9,1.94,16.6
Westminster-California,88211,91564,3.8,49450,57938,17.16,215900,600100,177.95,272.5,227.5,9.79,16
Carlsbad-California,78242,115330,47.4,65145,101646,56.03,308800,809700,162.21,213.2,152.5,-5.45,6.2
Walnut-Creek-California,64306,69773,8.5,63238,100180,58.42,337700,814600,141.22,274.6,191.4,18.01,6.1
Fremont-California,203430,234962,15.5,76579,127235,66.15,354300,927500,161.78,197.1,166.7,-12.13,4.4
Costa-Mesa-California,108715,113825,4.7,50732,78904,55.53,263700,744900,182.48,261.2,270.6,7.4,13.8
Bellevue-Washington,109593,144444,31.8,62338,121168,94.37,287300,806800,180.82,242.6,180.9,2.84,6.5
Huntington-Beach-California,189553,201874,6.5,64824,87120,34.39,292000,738600,152.95,169.1,165.1,-3.48,9.2
Fullerton-California,126025,140392,11.4,50269,77385,53.94,230500,672300,191.67,258.8,210.7,-4.64,14.3
San-Jose-California,894828,1035317,15.7,70243,104675,49.02,375500,854700,127.62,247.1,280.9,-4.63,8.4
Whittier-California,83658,86838,3.8,49256,66525,35.06,209800,581300,177.07,265.8,212.9,-1.85,13.9
San-Ramon-California,44717,75931,69.8,95856,161870,68.87,421000,957800,127.51,144.6,64.9,17.27,4.5
Seattle-Washington,563565,724745,28.6,45736,86822,89.83,252100,673100,167,593,449.6,6.16,11.1
New-York-New-York,8006219,8622698,7.7,38293,60879,58.98,221200,609500,175.54,285.2,216,6.22,18
Santa-Clara-California,102362,127134,24.2,69466,115375,66.09,387000,1000000,158.4,221.6,195.2,3.41,7.7
Pleasanton-California,63655,83007,30.4,90859,152123,67.43,428200,997500,132.95,155.6,115.6,11.06,4.1
Long-Beach-California,461602,469450,1.7,37270,60557,62.48,198600,557700,180.82,362,335.4,1.15,16.6
Hawthorne-California,84151,87854,4.4,31887,50063,57,184800,601400,225.43,333.3,293.9,-6.87,13.6
Burbank-California,100319,104834,4.5,47467,71558,50.75,249200,723000,190.13,207.4,177.2,3.54,9.8
Alhambra-California,85825,85396,-0.5,39213,61724,57.41,204300,597200,192.32,262.5,184.9,5.8,12.8
Torrance-California,137930,146758,6.4,56489,88860,57.3,308600,760300,146.37,187.7,151.1,-0.42,8.3
Los-Angeles-California,3693221,3999759,8.3,36687,60197,64.08,215600,647000,200.09,408,353.9,6.33,17.4
San-Mateo-California,92451,104748,13.3,64757,108058,66.87,453600,1000000,120.46,264.9,182.9,17.47,9.5
Redondo-Beach-California,63287,67908,7.3,69173,104715,51.38,341600,907400,165.63,192.7,185.1,-7.75,5.5
Boulder-Colorado,94633,107125,13.2,44748,66524,48.66,272200,694900,155.29,260.4,234.1,14.21,23.4
Bethesda-Maryland,55256,68297,23.6,99102,166380,67.89,374400,938800,150.75,,,,2.6
Pasadena-California,133940,142647,6.5,46012,76972,67.29,268100,802500,199.33,300.2,220.9,8.53,13.2
Alameda-California,72241,79177,9.6,56285,89979,59.86,331600,891700,168.91,228.3,198.5,2.93,8.1
Oakland-California,399619,425195,6.4,40055,70577,76.2,227300,686700,202.11,801.7,686.9,-17.28,15.3
Glendale-California,195056,203054,4.1,41805,58861,40.8,290400,790300,172.14,159.9,104,6.53,16.5
Sunnyvale-California,131780,153656,16.6,74409,134234,80.4,441400,1000000,126.55,164.1,137.6,8.53,6.3
Newton-Massachusetts,83798,88994,6.2,86052,144403,67.81,416600,930400,123.33,100,46.8,-3.66,3.4
Redwood-City-California,75378,86685,15,66748,116966,75.24,487600,1000000,105.09,316.9,147.3,17.63,8.2
Mountain-View-California,70692,81438,15.2,69362,135115,94.8,464800,1000000,115.15,254.3,174.8,-3.38,5.1
San-Francisco-California,776438,884363,13.9,55221,110816,100.68,422700,1000000,136.57,489.2,465.3,-5.9,10
Santa-Barbara-California,92285,92101,-0.2,47498,79740,67.88,469300,1000000,113.08,323.5,267.9,14.23,13.9
Berkeley-California,102706,122324,19.1,44485,86497,94.44,374300,993500,165.43,559,368,1.19,20.3
Santa-Monica-California,84067,92306,9.8,50714,90088,77.64,479200,1000000,108.68,378.3,490.3,0.61,10.1
Palo-Alto-California,58619,67178,14.6,90377,153802,70.18,776000,1000000,28.87,219.1,135,16.05,6
Newport-Beach-California,70048,86160,23,83455,127104,52.3,675800,1000000,47.97,204.7,173.2,6.5,4.3