Location,Occupied Housing Units,Home Value 2018,Home Value 2010,Home Value CAGR,Median Rent 2018,Median Rent 2010,Rent CAGR,Rental Vacancy Rate,Vacancy Expense (monthly),Vacancy Expense Final,Taxes,Insurance Final,Capex Final,Property Management,Insurance,Capex,CoCR,CoCR If invested in 2011,CoCR Delta,Rent to Price Ratio
"Flint , Michigan",40035,28700,65900,-9%,714,449,5.3%,7%,$51,$51, $	90.83 , $	21.04 , $	143.20 ,$71.40, $	89.42 ,$71.40,14.08%,6.13%,-7.95%,2.49%
"Detroit , Michigan",260383,45700,87600,-7%,798,544,4.3%,6%,$46,$46, $	139.33 , $	33.51 , $	153.93 ,$79.80, $	89.42 ,$79.80,9.06%,4.73%,-4.33%,1.75%
"Youngstown , Ohio",27457,44500,57900,-3%,657,389,6.0%,4%,$25,$26, $	81.33 , $	25.71 , $	135.66 ,$65.70, $	72.00 ,$65.70,8.69%,6.68%,-2.01%,1.48%
"Gary , Indiana",31389,67400,76700,-1%,766,522,4.4%,9%,$70,$70, $	86.67 , $	63.09 , $	149.89 ,$76.60, $	99.83 ,$76.60,5.68%,5.00%,-0.69%,1.14%
"Reading , Pennsylvania",28805,70800,70900,-0%,797,529,4.7%,11%,$89,$89, $	141.67 , $	33.41 , $	153.81 ,$79.70, $	66.75 ,$79.70,5.07%,5.06%,-0.01%,1.13%
"Trenton , New Jersey",27401,95100,140700,-4%,1029,746,3.6%,9%,$95,$95, $	374.58 , $	15.42 , $	181.59 ,$102.90, $	59.25 ,$102.90,3.28%,2.22%,-1.06%,1.08%
"Dayton , Ohio",57704,66500,82300,-2%,681,457,4.5%,8%,$55,$55, $	135.75 , $	38.43 , $	138.86 ,$68.10, $	72.00 ,$68.10,4.42%,3.57%,-0.85%,1.02%
"Cleveland , Ohio",169365,68500,90300,-3%,700,485,4.2%,7%,$46,$46, $	128.83 , $	39.58 , $	141.37 ,$70.00, $	72.00 ,$70.00,4.80%,3.64%,-1.16%,1.02%
"Rochester , New York",86057,82000,75200,1%,831,583,4.0%,8%,$64,$64, $	229.50 , $	23.52 , $	158.04 ,$83.10, $	77.92 ,$83.10,3.99%,4.35%,0.36%,1.01%
"Muncie , Indiana",27481,70800,76800,-1%,716,499,4.1%,8%,$57,$57, $	65.92 , $	66.27 , $	143.46 ,$71.60, $	99.83 ,$71.60,5.28%,4.87%,-0.41%,1.01%
"Lansing , Michigan",48926,80000,103800,-3%,807,577,3.8%,7%,$54,$54, $	171.75 , $	58.65 , $	155.06 ,$80.70, $	89.42 ,$80.70,4.30%,3.32%,-0.99%,1.01%
"Hammond , Indiana",28301,89300,100600,-1%,875,598,4.3%,6%,$52,$52, $	103.25 , $	83.58 , $	163.43 ,$87.50, $	99.83 ,$87.50,5.18%,4.60%,-0.58%,0.98%
"Kansas City , Kansas",55533,91600,106100,-2%,860,513,5.9%,7%,$61,$61, $	159.50 , $	162.40 , $	161.60 ,$86.00, $	161.58 ,$86.00,3.01%,2.59%,-0.41%,0.94%
"Canton , Ohio",30405,70000,83500,-2%,652,437,4.5%,5%,$31,$31, $	97.33 , $	40.45 , $	134.99 ,$65.20, $	72.00 ,$65.20,4.86%,4.07%,-0.79%,0.93%
"South Bend , Indiana",38601,82500,89400,-1%,767,562,3.5%,13%,$97,$97, $	87.25 , $	77.22 , $	150.02 ,$76.70, $	99.83 ,$76.70,4.05%,3.74%,-0.31%,0.93%
"Buffalo , New York",110701,82900,72100,2%,757,464,5.6%,5%,$35,$35, $	135.67 , $	23.78 , $	148.74 ,$75.70, $	77.92 ,$75.70,4.90%,5.63%,0.73%,0.91%
"Memphis , Tennessee",250812,97000,102900,-1%,884,572,5.0%,10%,$84,$84, $	151.25 , $	91.42 , $	164.52 ,$88.40, $	126.75 ,$88.40,3.77%,3.55%,-0.22%,0.91%
"Jackson , Mississippi",62109,90800,94000,-0%,824,547,4.7%,8%,$67,$67, $	106.92 , $	180.00 , $	157.17 ,$82.40, $	190.83 ,$82.40,3.05%,2.95%,-0.10%,0.91%
"Akron , Ohio",84761,81400,93200,-1%,735,516,4.0%,6%,$47,$47, $	147.25 , $	47.04 , $	145.92 ,$73.50, $	72.00 ,$73.50,4.04%,3.53%,-0.51%,0.90%
"Birmingham , Alabama",89880,89200,91100,-0%,797,481,5.8%,10%,$77,$77, $	64.50 , $	145.57 , $	153.81 ,$79.70, $	192.83 ,$79.70,3.71%,3.64%,-0.08%,0.89%
"Toledo , Ohio",117864,79900,99200,-2%,700,475,4.4%,7%,$48,$48, $	145.25 , $	46.17 , $	141.37 ,$70.00, $	72.00 ,$70.00,3.74%,3.01%,-0.73%,0.88%
"Largo , Florida",37327,117900,167200,-4%,1019,743,3.6%,6%,$60,$60, $	115.50 , $	164.52 , $	180.44 ,$101.90, $	297.92 ,$101.90,4.04%,2.85%,-1.19%,0.86%
"Tamarac , Florida",26787,156200,183300,-2%,1332,1036,2.8%,6%,$73,$73, $	170.92 , $	217.96 , $	214.76 ,$133.20, $	297.92 ,$133.20,4.01%,3.42%,-0.59%,0.85%
"Syracuse , New York",55306,93200,85400,1%,793,539,4.4%,9%,$71,$71, $	245.08 , $	26.73 , $	153.31 ,$79.30, $	77.92 ,$79.30,2.81%,3.06%,0.26%,0.85%
"Sunrise , Florida",31909,179200,223400,-2%,1509,1125,3.3%,9%,$139,$139, $	169.92 , $	250.06 , $	232.90 ,$150.90, $	297.92 ,$150.90,3.79%,3.04%,-0.75%,0.84%
"Rockford , Illinois",59403,89700,112000,-2%,752,532,3.9%,7%,$52,$52, $	266.75 , $	58.75 , $	148.11 ,$75.20, $	87.75 ,$75.20,2.02%,1.62%,-0.40%,0.84%
"Deerfield Beach , Florida",31863,153600,217900,-4%,1287,984,3.0%,4%,$51,$51, $	161.92 , $	214.34 , $	210.02 ,$128.70, $	297.92 ,$128.70,4.07%,2.87%,-1.20%,0.84%
"Baytown , Texas",26581,111800,106900,0%,924,573,5.5%,8%,$78,$78, $	232.83 , $	132.25 , $	169.32 ,$92.40, $	162.08 ,$92.40,2.36%,2.46%,0.11%,0.83%
"Mesquite , Texas",46503,129100,118400,1%,1065,717,4.5%,8%,$87,$87, $	210.08 , $	152.71 , $	185.70 ,$106.50, $	162.08 ,$106.50,3.00%,3.27%,0.27%,0.82%
"Warren , Michigan",53674,111700,129400,-2%,920,643,4.1%,5%,$43,$43, $	208.08 , $	81.90 , $	168.85 ,$92.00, $	89.42 ,$92.00,3.50%,3.02%,-0.48%,0.82%
"Deltona , Florida",30295,139000,182000,-3%,1137,885,2.8%,6%,$73,$73, $	108.17 , $	193.96 , $	193.76 ,$113.70, $	297.92 ,$113.70,3.92%,3.00%,-0.93%,0.82%
"Evansville , Indiana",51660,92300,91000,0%,755,488,5.0%,8%,$62,$62, $	74.00 , $	86.39 , $	148.49 ,$75.50, $	99.83 ,$75.50,4.01%,4.07%,0.06%,0.82%
"Decatur , Illinois",31062,81800,84000,-0%,669,458,4.3%,8%,$51,$51, $	163.00 , $	53.57 , $	137.26 ,$66.90, $	87.75 ,$66.90,2.90%,2.82%,-0.08%,0.82%
"Lorain , Ohio",25460,85400,106400,-2%,697,490,4.0%,6%,$44,$44, $	133.50 , $	49.35 , $	140.97 ,$69.70, $	72.00 ,$69.70,3.65%,2.93%,-0.72%,0.82%
"Augusta-Richmond County consolidated government (balance), Georgia",70390,104600,107100,-0%,851,533,5.3%,11%,$91,$91, $	114.50 , $	76.53 , $	160.50 ,$85.10, $	91.92 ,$85.10,3.71%,3.62%,-0.09%,0.81%
"Brownsville , Texas",51585,87600,88500,-0%,710,418,6.1%,8%,$57,$57, $	187.42 , $	103.62 , $	142.68 ,$71.00, $	162.08 ,$71.00,2.03%,2.01%,-0.02%,0.81%
"Beaumont , Texas",46233,104400,108500,-0%,843,531,5.3%,5%,$44,$44, $	224.67 , $	123.49 , $	159.52 ,$84.30, $	162.08 ,$84.30,2.38%,2.29%,-0.09%,0.81%
"Wichita Falls , Texas",36723,97400,94500,0%,784,525,4.6%,10%,$80,$80, $	196.50 , $	115.21 , $	152.17 ,$78.40, $	162.08 ,$78.40,1.99%,2.05%,0.06%,0.80%
"Warner Robins , Georgia",29306,111000,117700,-1%,893,598,4.6%,7%,$66,$66, $	106.67 , $	81.22 , $	165.61 ,$89.30, $	91.92 ,$89.30,4.15%,3.92%,-0.24%,0.80%
"Abilene , Texas",42327,114000,99900,1%,912,529,6.2%,7%,$66,$66, $	199.17 , $	134.85 , $	167.89 ,$91.20, $	162.08 ,$91.20,2.67%,3.04%,0.38%,0.80%
"Erie , Pennsylvania",40182,87800,83700,1%,698,454,4.9%,8%,$54,$54, $	200.50 , $	41.43 , $	141.10 ,$69.80, $	66.75 ,$69.80,2.61%,2.73%,0.13%,0.79%
"Kokomo , Indiana",25477,87100,89600,-0%,692,478,4.2%,8%,$57,$57, $	58.25 , $	81.52 , $	140.31 ,$69.20, $	99.83 ,$69.20,3.93%,3.82%,-0.11%,0.79%
"St. Clair Shores , Michigan",26639,125500,139900,-1%,997,656,4.8%,4%,$38,$40, $	194.75 , $	92.01 , $	177.90 ,$99.70, $	89.42 ,$99.70,3.76%,3.37%,-0.39%,0.79%
"Pittsburgh , Pennsylvania",136275,116300,92700,3%,922,572,5.4%,5%,$46,$46, $	155.17 , $	54.87 , $	169.09 ,$92.20, $	66.75 ,$92.20,4.17%,5.24%,1.06%,0.79%
"Racine , Wisconsin",30378,105300,130700,-2%,824,552,4.6%,7%,$56,$56, $	251.83 , $	45.76 , $	157.17 ,$82.40, $	65.67 ,$82.40,2.63%,2.12%,-0.51%,0.78%
"Independence , Missouri",48166,107300,113300,-1%,839,529,5.3%,6%,$48,$48, $	122.67 , $	138.58 , $	159.03 ,$83.90, $	143.50 ,$83.90,3.21%,3.04%,-0.17%,0.78%
"Pasadena , Texas",48724,117400,110400,1%,917,591,5.0%,9%,$79,$79, $	222.83 , $	138.87 , $	168.49 ,$91.70, $	162.08 ,$91.70,2.21%,2.35%,0.14%,0.78%
"Boynton Beach , Florida",28698,187100,221700,-2%,1458,1055,3.7%,8%,$117,$117, $	189.58 , $	261.08 , $	227.76 ,$145.80, $	297.92 ,$145.80,3.32%,2.80%,-0.52%,0.78%
"Topeka , Kansas",53312,102600,98500,0%,790,479,5.7%,12%,$96,$96, $	155.00 , $	181.90 , $	152.93 ,$79.00, $	161.58 ,$79.00,1.47%,1.53%,0.06%,0.77%
"Westland , Michigan",35144,112900,135300,-2%,869,661,3.1%,5%,$43,$43, $	203.33 , $	82.78 , $	162.70 ,$86.90, $	89.42 ,$86.90,3.09%,2.58%,-0.51%,0.77%
"Spring Hill, Florida",41071,132700,167900,-3%,1019,761,3.3%,6%,$65,$65, $	97.92 , $	185.17 , $	180.44 ,$101.90, $	297.92 ,$101.90,3.51%,2.78%,-0.74%,0.77%
"Allentown , Pennsylvania",42151,126700,145400,-2%,968,676,4.1%,7%,$69,$69, $	233.67 , $	59.78 , $	174.52 ,$96.80, $	66.75 ,$96.80,3.17%,2.76%,-0.41%,0.76%
"Dearborn , Michigan",30897,134000,147500,-1%,1019,726,3.8%,5%,$55,$55, $	285.00 , $	98.25 , $	180.44 ,$101.90, $	89.42 ,$101.90,2.67%,2.43%,-0.24%,0.76%
"Cheektowaga, New York",33144,109400,97400,1%,825,589,3.8%,4%,$35,$35, $	315.08 , $	31.38 , $	157.30 ,$82.50, $	77.92 ,$82.50,2.23%,2.50%,0.27%,0.75%
"Waukegan , Illinois",29077,125500,165400,-3%,946,719,3.1%,5%,$50,$50, $	354.92 , $	82.20 , $	171.93 ,$94.60, $	87.75 ,$94.60,1.84%,1.39%,-0.44%,0.75%
"Palm Bay , Florida",38774,136600,163500,-2%,1027,765,3.3%,4%,$41,$41, $	90.33 , $	190.61 , $	181.36 ,$102.70, $	297.92 ,$102.70,3.70%,3.09%,-0.61%,0.75%
"Killeen , Texas",51887,121500,108500,1%,912,619,4.4%,11%,$103,$103, $	231.58 , $	143.72 , $	167.89 ,$91.20, $	162.08 ,$91.20,1.72%,1.93%,0.21%,0.75%
"Scranton , Pennsylvania",30386,102300,110400,-1%,765,474,5.5%,4%,$31,$31, $	200.17 , $	48.27 , $	149.76 ,$76.50, $	66.75 ,$76.50,3.05%,2.82%,-0.22%,0.75%
"Corpus Christi , Texas",116562,133200,120500,1%,996,605,5.7%,7%,$72,$72, $	256.42 , $	157.56 , $	177.79 ,$99.60, $	162.08 ,$99.60,2.10%,2.32%,0.22%,0.75%
"Kalamazoo , Michigan",28665,103700,108900,-1%,775,578,3.3%,4%,$30,$31, $	208.17 , $	76.03 , $	151.03 ,$77.50, $	89.42 ,$77.50,2.68%,2.55%,-0.13%,0.75%
"Waterbury , Connecticut",40579,128800,166800,-3%,959,698,3.6%,8%,$72,$72, $	412.92 , $	29.87 , $	173.47 ,$95.90, $	75.17 ,$95.90,1.63%,1.26%,-0.37%,0.74%
"Parma , Ohio",33551,112100,132200,-2%,833,620,3.3%,5%,$45,$45, $	227.83 , $	64.78 , $	158.29 ,$83.30, $	72.00 ,$83.30,2.72%,2.30%,-0.41%,0.74%
"Southfield , Michigan",32235,146200,163900,-1%,1085,815,3.2%,7%,$73,$73, $	288.67 , $	107.19 , $	187.96 ,$108.50, $	89.42 ,$108.50,2.63%,2.34%,-0.28%,0.74%
"Port St. Lucie , Florida",63807,180400,192800,-1%,1334,985,3.4%,7%,$95,$95, $	191.67 , $	251.73 , $	214.97 ,$133.40, $	297.92 ,$133.40,2.98%,2.79%,-0.19%,0.74%
"Garland , Texas",75439,146200,121200,2%,1078,718,4.6%,6%,$65,$65, $	250.83 , $	172.94 , $	187.17 ,$107.80, $	162.08 ,$107.80,2.42%,2.92%,0.50%,0.74%
"Lakeland , Florida",40938,132100,163700,-2%,968,686,3.9%,10%,$95,$95, $	109.92 , $	184.33 , $	174.52 ,$96.80, $	297.92 ,$96.80,2.79%,2.25%,-0.54%,0.73%
"Lafayette , Indiana",30942,109900,107700,0%,800,571,3.8%,5%,$42,$42, $	73.17 , $	102.87 , $	154.18 ,$80.00, $	99.83 ,$80.00,3.80%,3.88%,0.08%,0.73%
"Town 'n' Country, Florida",31534,158300,193500,-2%,1152,847,3.5%,8%,$96,$96, $	128.67 , $	220.89 , $	195.42 ,$115.20, $	297.92 ,$115.20,3.00%,2.46%,-0.55%,0.73%
"Lawton , Oklahoma",32994,113900,100100,1%,828,501,5.7%,13%,$105,$105, $	102.25 , $	285.68 , $	157.67 ,$82.80, $	220.92 ,$82.80,1.00%,1.13%,0.14%,0.73%
"Montgomery , Alabama",79368,119600,124600,-0%,867,553,5.1%,9%,$77,$77, $	41.58 , $	195.19 , $	162.46 ,$86.70, $	192.83 ,$86.70,3.05%,2.93%,-0.12%,0.72%
"Lehigh Acres, Florida",33477,140800,164700,-2%,1020,800,2.7%,4%,$38,$41, $	92.83 , $	196.47 , $	180.56 ,$102.00, $	297.92 ,$102.00,3.47%,2.97%,-0.50%,0.72%
"Wyoming , Michigan",27731,116100,120100,-0%,832,611,3.5%,5%,$37,$37, $	167.17 , $	85.12 , $	158.16 ,$83.20, $	89.42 ,$83.20,3.11%,3.01%,-0.10%,0.72%
"Fayetteville , North Carolina",80598,129700,120800,1%,928,640,4.2%,8%,$76,$76, $	140.00 , $	52.35 , $	169.80 ,$92.80, $	64.42 ,$92.80,3.67%,3.94%,0.27%,0.72%
"Milwaukee , Wisconsin",229556,118000,143000,-2%,842,600,3.8%,6%,$51,$51, $	271.75 , $	51.28 , $	159.40 ,$84.20, $	65.67 ,$84.20,2.28%,1.88%,-0.40%,0.71%
"Albany , Georgia",28741,101100,106300,-1%,721,440,5.6%,8%,$59,$59, $	129.50 , $	73.97 , $	144.11 ,$72.10, $	91.92 ,$72.10,2.87%,2.73%,-0.14%,0.71%
"Waco , Texas",48050,116600,95600,2%,828,551,4.6%,5%,$44,$44, $	248.83 , $	137.92 , $	157.67 ,$82.80, $	162.08 ,$82.80,1.61%,1.97%,0.35%,0.71%
"Lubbock , Texas",94398,131500,112000,2%,928,589,5.2%,9%,$86,$86, $	232.08 , $	155.55 , $	169.80 ,$92.80, $	162.08 ,$92.80,1.75%,2.05%,0.30%,0.71%
"Odessa , Texas",40319,149900,97000,5%,1052,502,8.6%,9%,$97,$97, $	209.75 , $	177.32 , $	184.22 ,$105.20, $	162.08 ,$105.20,2.23%,3.45%,1.22%,0.70%
"San Antonio , Texas",497794,136800,122300,1%,958,617,5.0%,8%,$75,$75, $	279.25 , $	161.82 , $	173.35 ,$95.80, $	162.08 ,$95.80,1.52%,1.70%,0.18%,0.70%
"Grand Prairie , Texas",60503,151300,131800,2%,1058,688,4.9%,5%,$54,$54, $	294.58 , $	178.97 , $	184.90 ,$105.80, $	162.08 ,$105.80,1.90%,2.18%,0.28%,0.70%
"Gulfport , Mississippi",28478,120600,134000,-1%,843,672,2.6%,10%,$86,$86, $	98.00 , $	239.07 , $	159.52 ,$84.30, $	190.83 ,$84.30,1.75%,1.58%,-0.18%,0.70%
"Brandon, Florida",42453,174300,193500,-1%,1214,859,3.9%,7%,$83,$83, $	136.08 , $	243.22 , $	202.20 ,$121.40, $	297.92 ,$121.40,2.95%,2.66%,-0.29%,0.70%
"Miami Gardens , Florida",30379,170900,206900,-2%,1182,831,4.0%,5%,$63,$63, $	154.25 , $	238.48 , $	198.72 ,$118.20, $	297.92 ,$118.20,2.88%,2.38%,-0.50%,0.69%
"San Angelo , Texas",36854,125300,96400,3%,864,529,5.6%,7%,$62,$62, $	209.25 , $	148.22 , $	162.09 ,$86.40, $	162.08 ,$86.40,1.88%,2.44%,0.56%,0.69%
"St. Joseph , Missouri",28666,109900,104500,1%,756,474,5.3%,11%,$83,$83, $	89.33 , $	141.93 , $	148.62 ,$75.60, $	143.50 ,$75.60,2.37%,2.50%,0.12%,0.69%
"Mobile , Alabama",77668,121700,130200,-1%,836,529,5.2%,10%,$84,$84, $	70.33 , $	198.61 , $	158.66 ,$83.60, $	192.83 ,$83.60,2.38%,2.22%,-0.16%,0.69%
"Sioux City , Iowa",31244,110300,92900,2%,752,473,5.3%,5%,$41,$41, $	172.83 , $	106.21 , $	148.11 ,$75.20, $	100.42 ,$75.20,2.27%,2.70%,0.43%,0.68%
"Port Orange , Florida",25746,165800,210300,-3%,1130,804,3.9%,5%,$55,$55, $	152.42 , $	231.36 , $	192.99 ,$113.00, $	297.92 ,$113.00,2.79%,2.20%,-0.59%,0.68%
"Riverview, Florida",30618,198000,217800,-1%,1347,1012,3.2%,8%,$104,$104, $	202.67 , $	276.29 , $	216.33 ,$134.70, $	297.92 ,$134.70,2.50%,2.28%,-0.23%,0.68%
"Grand Rapids , Michigan",74202,131700,121200,1%,895,595,4.6%,4%,$35,$36, $	160.00 , $	96.56 , $	165.85 ,$89.50, $	89.42 ,$89.50,3.16%,3.44%,0.27%,0.68%
"Aurora , Illinois",63204,178300,208900,-2%,1205,827,4.3%,4%,$51,$51, $	432.25 , $	116.78 , $	201.22 ,$120.50, $	87.75 ,$120.50,1.91%,1.63%,-0.28%,0.68%
"Laredo , Texas",69908,122900,123000,-0%,826,517,5.3%,7%,$58,$58, $	265.00 , $	145.38 , $	157.42 ,$82.60, $	162.08 ,$82.60,1.15%,1.15%,-0.00%,0.67%
"Baltimore , Maryland",238436,156400,171200,-1%,1051,682,4.9%,8%,$84,$84, $	241.42 , $	35.91 , $	184.11 ,$105.10, $	72.17 ,$105.10,3.07%,2.81%,-0.27%,0.67%
"Indianapolis city (balance), Indiana",335373,129300,126100,0%,865,586,4.4%,8%,$73,$73, $	115.67 , $	121.02 , $	162.21 ,$86.50, $	99.83 ,$86.50,2.85%,2.92%,0.07%,0.67%
"Bridgeport , Connecticut",50547,173100,245200,-4%,1157,813,4.0%,8%,$93,$93, $	507.42 , $	40.14 , $	195.97 ,$115.70, $	75.17 ,$115.70,1.42%,1.00%,-0.42%,0.67%
"Edinburg , Texas",26603,113300,106500,1%,753,496,4.7%,7%,$53,$53, $	267.42 , $	134.02 , $	148.23 ,$75.30, $	162.08 ,$75.30,0.79%,0.84%,0.05%,0.66%
"Fort Wayne , Indiana",105174,110600,105400,1%,735,512,4.1%,8%,$55,$55, $	91.25 , $	103.52 , $	145.92 ,$73.50, $	99.83 ,$73.50,2.88%,3.02%,0.14%,0.66%
"Yuma , Arizona",33960,134100,185700,-4%,891,640,3.7%,8%,$75,$75, $	114.75 , $	49.39 , $	165.37 ,$89.10, $	67.75 ,$89.10,3.56%,2.57%,-0.99%,0.66%
"Amarillo , Texas",75563,127200,113100,1%,839,540,5.0%,9%,$78,$78, $	209.08 , $	150.46 , $	159.03 ,$83.90, $	162.08 ,$83.90,1.50%,1.68%,0.19%,0.66%
"Bryan , Texas",29985,135500,117000,2%,892,554,5.4%,7%,$59,$59, $	230.17 , $	160.28 , $	165.49 ,$89.20, $	162.08 ,$89.20,1.66%,1.93%,0.26%,0.66%
"Irving , Texas",84772,165000,143600,2%,1086,697,5.1%,7%,$71,$71, $	304.75 , $	195.18 , $	188.07 ,$108.60, $	162.08 ,$108.60,1.59%,1.83%,0.24%,0.66%
"Fort Worth , Texas",291739,154300,131600,2%,1015,619,5.6%,9%,$94,$94, $	318.42 , $	182.52 , $	179.98 ,$101.50, $	162.08 ,$101.50,1.07%,1.26%,0.19%,0.66%
"El Paso , Texas",225264,123900,119100,0%,814,524,5.0%,10%,$85,$85, $	267.58 , $	146.56 , $	155.93 ,$81.40, $	162.08 ,$81.40,0.75%,0.78%,0.03%,0.66%
"The Villages, Florida",42963,269300,225200,2%,1752,1128,5.0%,43%,$753,$753, $	240.67 , $	375.78 , $	256.64 ,$175.20, $	297.92 ,$175.20,-0.22%,-0.26%,-0.04%,0.65%
"Waterloo , Iowa",28550,114000,106500,1%,740,495,4.6%,7%,$50,$50, $	180.50 , $	109.77 , $	146.57 ,$74.00, $	100.42 ,$74.00,1.88%,2.02%,0.13%,0.65%
"Owensboro , Kentucky",25155,111400,100600,1%,723,422,6.2%,8%,$59,$59, $	106.83 , $	99.20 , $	144.37 ,$72.30, $	112.92 ,$72.30,2.60%,2.87%,0.28%,0.65%
"Columbus , Ohio",352543,143000,142900,0%,928,610,4.8%,5%,$47,$47, $	234.00 , $	82.63 , $	169.80 ,$92.80, $	72.00 ,$92.80,2.53%,2.53%,0.00%,0.65%
"Des Moines , Iowa",84140,127200,120600,1%,822,591,3.7%,6%,$45,$45, $	229.25 , $	122.48 , $	156.93 ,$82.20, $	100.42 ,$82.20,1.75%,1.85%,0.10%,0.65%
"Savannah , Georgia",53187,151500,153300,-0%,977,641,4.8%,7%,$70,$70, $	143.67 , $	110.85 , $	175.57 ,$97.70, $	91.92 ,$97.70,3.00%,2.97%,-0.04%,0.64%
"Philadelphia , Pennsylvania",594778,156800,155400,0%,1007,656,4.9%,7%,$68,$68, $	141.75 , $	73.98 , $	179.06 ,$100.70, $	66.75 ,$100.70,3.39%,3.42%,0.03%,0.64%
"Jackson , Tennessee",25773,132500,117700,1%,848,480,6.5%,11%,$91,$91, $	110.50 , $	124.88 , $	160.14 ,$84.80, $	126.75 ,$84.80,2.51%,2.82%,0.32%,0.64%
"Jacksonville , Florida",333866,160900,179700,-1%,1029,724,4.0%,7%,$72,$72, $	136.25 , $	224.52 , $	181.59 ,$102.90, $	297.92 ,$102.90,2.32%,2.08%,-0.24%,0.64%
"Waldorf, Maryland",27263,267300,328000,-2%,1706,1161,4.4%,5%,$90,$90, $	264.92 , $	61.38 , $	252.24 ,$170.60, $	72.17 ,$170.60,3.89%,3.17%,-0.72%,0.64%
"San Tan Valley, Arizona",28402,197400,197100,0%,1256,917,3.6%,7%,$92,$92, $	109.42 , $	72.70 , $	206.72 ,$125.60, $	67.75 ,$125.60,3.95%,3.96%,0.01%,0.64%
"Clarksville , Tennessee",54766,148700,125500,2%,946,591,5.4%,12%,$109,$109, $	112.75 , $	140.15 , $	171.93 ,$94.60, $	126.75 ,$94.60,2.56%,3.04%,0.47%,0.64%
"North Little Rock , Arkansas",26612,131700,122000,1%,837,535,5.1%,15%,$125,$125, $	95.83 , $	240.51 , $	158.78 ,$83.70, $	171.92 ,$83.70,1.22%,1.31%,0.10%,0.64%
"Tonawanda, New York",25793,132300,112600,2%,839,573,4.3%,5%,$42,$42, $	312.92 , $	37.95 , $	159.03 ,$83.90, $	77.92 ,$83.90,1.84%,2.17%,0.32%,0.63%
"Daytona Beach , Florida",28817,141000,173300,-2%,894,644,3.7%,6%,$52,$52, $	108.00 , $	196.75 , $	165.73 ,$89.40, $	297.92 ,$89.40,2.40%,1.95%,-0.45%,0.63%
"Springfield , Missouri",73665,115200,102600,1%,730,492,4.5%,8%,$55,$55, $	86.00 , $	148.78 , $	145.27 ,$73.00, $	143.50 ,$73.00,2.31%,2.59%,0.28%,0.63%
"Knoxville , Tennessee",79579,128800,118100,1%,815,537,4.7%,6%,$51,$51, $	110.08 , $	121.39 , $	156.06 ,$81.50, $	126.75 ,$81.50,2.74%,2.99%,0.25%,0.63%
"Arlington , Texas",134984,157600,134500,2%,997,639,5.1%,9%,$93,$93, $	288.25 , $	186.42 , $	177.90 ,$99.70, $	162.08 ,$99.70,1.16%,1.36%,0.20%,0.63%
"Temple , Texas",26926,138700,114700,2%,877,550,5.3%,12%,$104,$104, $	251.08 , $	164.07 , $	163.67 ,$87.70, $	162.08 ,$87.70,0.92%,1.11%,0.19%,0.63%
"Pompano Beach , Florida",41084,191900,238200,-2%,1210,905,3.3%,7%,$80,$80, $	169.67 , $	267.78 , $	201.76 ,$121.00, $	297.92 ,$121.00,2.31%,1.86%,-0.45%,0.63%
"Rock Hill , South Carolina",28112,147800,139800,1%,928,585,5.3%,7%,$67,$67, $	99.17 , $	125.73 , $	169.80 ,$92.80, $	116.83 ,$92.80,3.03%,3.21%,0.17%,0.63%
"Broken Arrow , Oklahoma",38723,163900,147000,1%,1026,653,5.1%,5%,$46,$46, $	158.92 , $	411.08 , $	181.25 ,$102.60, $	220.92 ,$102.60,0.92%,1.03%,0.11%,0.63%
"Melbourne , Florida",33030,155300,174400,-1%,966,744,2.9%,7%,$70,$70, $	111.75 , $	216.71 , $	174.29 ,$96.60, $	297.92 ,$96.60,2.30%,2.04%,-0.25%,0.62%
"Peoria , Illinois",46280,126400,123000,0%,784,529,4.5%,11%,$84,$84, $	276.50 , $	82.79 , $	152.17 ,$78.40, $	87.75 ,$78.40,1.05%,1.08%,0.03%,0.62%
"McAllen , Texas",45065,123900,112600,1%,767,512,4.6%,8%,$61,$61, $	249.00 , $	146.56 , $	150.02 ,$76.70, $	162.08 ,$76.70,0.81%,0.90%,0.08%,0.62%
"Columbus , Georgia",72924,141700,139700,0%,877,543,5.5%,5%,$41,$41, $	127.75 , $	103.68 , $	163.67 ,$87.70, $	91.92 ,$87.70,2.99%,3.03%,0.04%,0.62%
"Springfield , Illinois",50890,127500,117600,1%,789,533,4.5%,6%,$43,$43, $	237.33 , $	83.51 , $	152.80 ,$78.90, $	87.75 ,$78.90,1.82%,1.97%,0.15%,0.62%
"St. Louis , Missouri",140455,131900,135400,-0%,810,502,5.5%,8%,$64,$64, $	125.25 , $	170.35 , $	155.43 ,$81.00, $	143.50 ,$81.00,1.95%,1.90%,-0.05%,0.61%
"New Britain , Connecticut",28383,159300,178900,-1%,978,687,4.0%,8%,$82,$82, $	391.42 , $	36.94 , $	175.69 ,$97.80, $	75.17 ,$97.80,1.46%,1.30%,-0.16%,0.61%
"Houston , Texas",848340,161300,135400,2%,990,639,5.0%,9%,$86,$86, $	302.00 , $	190.80 , $	177.09 ,$99.00, $	162.08 ,$99.00,1.00%,1.20%,0.19%,0.61%
"Wichita , Kansas",152260,128600,117500,1%,789,481,5.7%,8%,$65,$65, $	143.08 , $	227.99 , $	152.80 ,$78.90, $	161.58 ,$78.90,1.13%,1.24%,0.11%,0.61%
"Lewisville , Texas",38908,190300,153400,2%,1165,747,5.1%,6%,$70,$70, $	313.33 , $	225.10 , $	196.85 ,$116.50, $	162.08 ,$116.50,1.53%,1.90%,0.37%,0.61%
"Palm Coast , Florida",30677,194500,214300,-1%,1187,853,3.7%,2%,$18,$47, $	142.58 , $	271.41 , $	199.26 ,$118.70, $	297.92 ,$118.70,2.51%,2.28%,-0.23%,0.61%
"North Charleston , South Carolina",41004,164600,155300,1%,1004,633,5.3%,8%,$78,$78, $	101.50 , $	140.02 , $	178.71 ,$100.40, $	116.83 ,$100.40,2.95%,3.13%,0.18%,0.61%
"Kettering , Ohio",25042,129700,134700,-0%,787,558,3.9%,4%,$35,$35, $	237.92 , $	74.95 , $	152.55 ,$78.70, $	72.00 ,$78.70,1.93%,1.86%,-0.07%,0.61%
"Hemet , California",29193,175700,212400,-2%,1066,819,3.0%,6%,$68,$68, $	184.58 , $	25.35 , $	185.81 ,$106.60, $	66.08 ,$106.60,3.38%,2.80%,-0.58%,0.61%
"Kansas City , Missouri",200420,148500,144900,0%,899,577,5.1%,7%,$62,$62, $	177.75 , $	191.78 , $	166.33 ,$89.90, $	143.50 ,$89.90,1.71%,1.75%,0.04%,0.61%
"Tulsa , Oklahoma",164224,133900,121200,1%,810,533,4.8%,9%,$73,$73, $	140.42 , $	335.84 , $	155.43 ,$81.00, $	220.92 ,$81.00,0.22%,0.24%,0.02%,0.60%
"Pearland , Texas",39527,224600,181100,2%,1357,863,5.2%,5%,$73,$73, $	496.08 , $	265.68 , $	217.37 ,$135.70, $	162.08 ,$135.70,0.90%,1.12%,0.22%,0.60%
"Kenosha , Wisconsin",37646,145700,167700,-2%,880,660,3.2%,5%,$47,$47, $	306.92 , $	63.31 , $	164.04 ,$88.00, $	65.67 ,$88.00,1.74%,1.51%,-0.23%,0.60%
"Gainesville , Florida",48407,154400,170500,-1%,930,683,3.5%,17%,$158,$158, $	149.58 , $	215.45 , $	170.04 ,$93.00, $	297.92 ,$93.00,1.12%,1.01%,-0.11%,0.60%
"Midland , Texas",46552,204800,137000,5%,1233,612,8.1%,7%,$86,$86, $	292.50 , $	242.26 , $	204.25 ,$123.30, $	162.08 ,$123.30,1.67%,2.49%,0.82%,0.60%
"Elgin , Illinois",36682,177500,216300,-2%,1065,768,3.7%,4%,$42,$43, $	451.08 , $	116.25 , $	185.70 ,$106.50, $	87.75 ,$106.50,1.10%,0.90%,-0.20%,0.60%
"Roanoke , Virginia",42037,133200,130800,0%,799,520,4.9%,9%,$70,$70, $	111.50 , $	40.78 , $	154.06 ,$79.90, $	79.92 ,$79.90,3.09%,3.15%,0.06%,0.60%
"New Haven , Connecticut",49770,196600,229000,-2%,1179,840,3.8%,8%,$88,$88, $	415.25 , $	45.59 , $	198.39 ,$117.90, $	75.17 ,$117.90,1.91%,1.64%,-0.27%,0.60%
"North Richland Hills , Texas",26051,186500,150900,2%,1118,698,5.4%,5%,$54,$54, $	333.75 , $	220.61 , $	191.65 ,$111.80, $	162.08 ,$111.80,1.33%,1.64%,0.31%,0.60%
"Rio Rancho , New Mexico",34078,184600,178600,0%,1106,827,3.3%,7%,$73,$73, $	156.08 , $	115.09 , $	190.31 ,$110.60, $	99.75 ,$110.60,3.00%,3.10%,0.10%,0.60%
"Oshkosh , Wisconsin",26435,122200,121300,0%,732,523,3.8%,6%,$41,$41, $	242.08 , $	53.10 , $	145.53 ,$73.20, $	65.67 ,$73.20,1.74%,1.75%,0.01%,0.60%
"Janesville , Wisconsin",26405,136300,137900,-0%,816,583,3.8%,2%,$16,$33, $	241.67 , $	59.23 , $	156.18 ,$81.60, $	65.67 ,$81.60,2.15%,2.13%,-0.02%,0.60%
"Victorville , California",32917,205300,239900,-2%,1229,896,3.6%,6%,$76,$76, $	182.25 , $	29.62 , $	203.82 ,$122.90, $	66.08 ,$122.90,3.59%,3.07%,-0.52%,0.60%
"Longview , Texas",30610,137000,122700,1%,819,545,4.6%,10%,$79,$79, $	194.33 , $	162.06 , $	156.55 ,$81.90, $	162.08 ,$81.90,1.27%,1.42%,0.15%,0.60%
"Portsmouth , Virginia",36471,171800,183900,-1%,1027,722,4.0%,7%,$74,$74, $	178.75 , $	52.60 , $	181.36 ,$102.70, $	79.92 ,$102.70,3.06%,2.86%,-0.20%,0.60%
"Pueblo , Colorado",43870,130000,126500,0%,777,517,4.6%,4%,$32,$32, $	76.50 , $	55.07 , $	151.29 ,$77.70, $	118.08 ,$77.70,3.55%,3.65%,0.10%,0.60%
"Davenport , Iowa",40273,127100,119200,1%,757,514,4.4%,12%,$89,$89, $	204.00 , $	122.38 , $	148.74 ,$75.70, $	100.42 ,$75.70,1.10%,1.18%,0.07%,0.60%
"Omaha , Nebraska",183160,151100,135600,1%,896,593,4.7%,7%,$64,$64, $	250.25 , $	219.61 , $	165.97 ,$89.60, $	131.92 ,$89.60,0.85%,0.95%,0.10%,0.59%
"Bethlehem , Pennsylvania",28945,171600,177800,-0%,1013,705,4.1%,6%,$63,$63, $	305.67 , $	80.97 , $	179.75 ,$101.30, $	66.75 ,$101.30,1.98%,1.91%,-0.07%,0.59%
"Hampton , Virginia",53700,186400,197900,-1%,1100,760,4.2%,8%,$86,$86, $	171.92 , $	57.07 , $	189.64 ,$110.00, $	79.92 ,$110.00,3.13%,2.94%,-0.18%,0.59%
"Sunrise Manor, Nevada",62620,156000,208200,-3%,920,765,2.1%,8%,$75,$75, $	85.83 , $	37.31 , $	168.85 ,$92.00, $	58.58 ,$92.00,3.54%,2.65%,-0.89%,0.59%
"Hartford , Connecticut",45879,162800,189800,-2%,959,665,4.2%,9%,$89,$89, $	323.17 , $	37.75 , $	173.47 ,$95.90, $	75.17 ,$95.90,1.77%,1.51%,-0.25%,0.59%
"Gastonia , North Carolina",28524,144000,138600,0%,847,541,5.1%,9%,$73,$73, $	156.58 , $	58.12 , $	160.01 ,$84.70, $	64.42 ,$84.70,2.62%,2.73%,0.10%,0.59%
"Joliet , Illinois",47360,172400,203400,-2%,1011,689,4.4%,6%,$56,$56, $	387.42 , $	112.91 , $	179.52 ,$101.10, $	87.75 ,$101.10,1.21%,1.03%,-0.19%,0.59%
"Nampa , Idaho",31585,149700,147900,0%,874,614,4.0%,3%,$29,$35, $	112.83 , $	50.36 , $	163.31 ,$87.40, $	51.83 ,$87.40,3.41%,3.45%,0.04%,0.58%
"St. Petersburg , Florida",107173,182900,187100,-0%,1067,726,4.4%,9%,$95,$95, $	134.83 , $	255.22 , $	185.92 ,$106.70, $	297.92 ,$106.70,1.90%,1.86%,-0.04%,0.58%
"Dallas , Texas",505816,169400,142500,2%,987,644,4.9%,8%,$75,$75, $	319.58 , $	200.38 , $	176.74 ,$98.70, $	162.08 ,$98.70,0.83%,0.98%,0.16%,0.58%
"Meriden , Connecticut",26218,172200,208300,-2%,1000,738,3.4%,10%,$103,$103, $	390.08 , $	39.93 , $	178.25 ,$100.00, $	75.17 ,$100.00,1.32%,1.09%,-0.23%,0.58%
"High Point , North Carolina",41011,147500,148900,-0%,856,557,4.9%,5%,$43,$43, $	158.83 , $	59.53 , $	161.12 ,$85.60, $	64.42 ,$85.60,2.83%,2.81%,-0.03%,0.58%
"Avondale , Arizona",25789,196000,214200,-1%,1137,946,2.1%,3%,$36,$45, $	113.42 , $	72.18 , $	193.76 ,$113.70, $	67.75 ,$113.70,3.66%,3.35%,-0.31%,0.58%
"Champaign , Illinois",34463,158800,153200,0%,921,624,4.4%,8%,$74,$74, $	314.25 , $	104.01 , $	168.97 ,$92.10, $	87.75 ,$92.10,1.27%,1.32%,0.05%,0.58%
"Livonia , Michigan",37107,180300,185500,-0%,1043,747,3.8%,2%,$23,$42, $	255.25 , $	132.19 , $	183.20 ,$104.30, $	89.42 ,$104.30,2.17%,2.11%,-0.06%,0.58%
"Bossier City , Louisiana",26552,161400,138500,2%,933,583,5.4%,9%,$88,$88, $	95.58 , $	322.53 , $	170.39 ,$93.30, $	248.25 ,$93.30,1.22%,1.42%,0.20%,0.58%
"Palm Harbor, Florida",26674,216000,231900,-1%,1248,871,4.1%,5%,$56,$56, $	188.67 , $	301.41 , $	205.86 ,$124.80, $	297.92 ,$124.80,2.06%,1.92%,-0.14%,0.58%
"Wilmington , Delaware",28526,169400,185800,-1%,974,688,3.9%,9%,$92,$92, $	134.75 , $	41.84 , $	175.22 ,$97.40, $	62.33 ,$97.40,3.07%,2.80%,-0.27%,0.57%
"New Braunfels , Texas",26524,199700,149500,3%,1146,710,5.5%,7%,$77,$77, $	282.42 , $	236.22 , $	194.76 ,$114.60, $	162.08 ,$114.60,1.45%,1.94%,0.49%,0.57%
"Conroe , Texas",29836,177700,133800,3%,1018,632,5.4%,7%,$67,$67, $	304.17 , $	210.20 , $	180.33 ,$101.80, $	162.08 ,$101.80,1.04%,1.38%,0.34%,0.57%
"Surprise , Arizona",48095,225200,240300,-1%,1289,977,3.1%,4%,$57,$57, $	118.50 , $	82.94 , $	210.23 ,$128.90, $	67.75 ,$128.90,3.69%,3.45%,-0.23%,0.57%
"Tyler , Texas",36434,155200,135900,1%,887,595,4.5%,11%,$95,$95, $	215.75 , $	183.58 , $	164.88 ,$88.70, $	162.08 ,$88.70,1.08%,1.23%,0.15%,0.57%
"Sterling Heights , Michigan",50023,175400,177000,-0%,1000,680,4.4%,2%,$23,$40, $	232.58 , $	128.60 , $	178.25 ,$100.00, $	89.42 ,$100.00,2.19%,2.17%,-0.02%,0.57%
"Alafaya, Florida",28932,247800,283700,-1%,1412,968,4.3%,4%,$55,$56, $	203.83 , $	345.78 , $	223.06 ,$141.20, $	297.92 ,$141.20,2.14%,1.87%,-0.27%,0.57%
"West Allis , Wisconsin",27657,142500,163000,-1%,809,625,2.9%,3%,$23,$32, $	311.67 , $	61.92 , $	155.31 ,$80.90, $	65.67 ,$80.90,1.40%,1.23%,-0.18%,0.57%
"Schaumburg, Illinois",29735,247900,265400,-1%,1403,1042,3.4%,4%,$62,$62, $	492.33 , $	162.36 , $	222.14 ,$140.30, $	87.75 ,$140.30,1.57%,1.47%,-0.10%,0.57%
"Pembroke Pines , Florida",56788,264700,300900,-1%,1496,1211,2.4%,7%,$106,$106, $	268.25 , $	369.37 , $	231.60 ,$149.60, $	297.92 ,$149.60,1.68%,1.48%,-0.20%,0.57%
"Casas Adobes, Arizona",28933,192500,225900,-2%,1087,795,3.5%,4%,$46,$46, $	161.17 , $	70.89 , $	188.18 ,$108.70, $	67.75 ,$108.70,3.19%,2.72%,-0.47%,0.56%
"League City , Texas",34869,232500,180000,3%,1311,836,5.1%,6%,$73,$73, $	445.83 , $	275.02 , $	212.56 ,$131.10, $	162.08 ,$131.10,0.89%,1.15%,0.26%,0.56%
"Tucson , Arizona",210816,146500,179300,-2%,825,596,3.7%,7%,$59,$59, $	121.00 , $	53.95 , $	157.30 ,$82.50, $	67.75 ,$82.50,2.87%,2.35%,-0.53%,0.56%
"North Las Vegas , Nevada",72532,208100,240900,-2%,1168,942,2.4%,6%,$68,$68, $	121.33 , $	49.77 , $	197.18 ,$116.80, $	58.58 ,$116.80,3.55%,3.06%,-0.48%,0.56%
"Shreveport , Louisiana",75842,144800,126900,1%,810,522,5.0%,10%,$84,$84, $	98.50 , $	289.36 , $	155.43 ,$81.00, $	248.25 ,$81.00,0.84%,0.96%,0.12%,0.56%
"Eau Claire , Wisconsin",27495,146200,140900,0%,815,552,4.4%,6%,$46,$46, $	241.00 , $	63.53 , $	156.06 ,$81.50, $	65.67 ,$81.50,1.87%,1.94%,0.07%,0.56%
"Sugar Land , Texas",38373,309000,234700,3%,1719,1105,5.0%,8%,$141,$141, $	540.92 , $	365.51 , $	253.49 ,$171.90, $	162.08 ,$171.90,0.96%,1.26%,0.30%,0.56%
"Springfield , Massachusetts",56476,152400,157000,-0%,847,617,3.6%,5%,$42,$42, $	226.08 , $	39.88 , $	160.01 ,$84.70, $	99.17 ,$84.70,2.32%,2.25%,-0.07%,0.56%
"Fort Smith , Arkansas",35415,120300,113200,1%,666,438,4.8%,7%,$49,$49, $	69.92 , $	219.70 , $	136.86 ,$66.60, $	171.92 ,$66.60,1.23%,1.31%,0.08%,0.55%
"Greensboro , North Carolina",115501,152900,147500,0%,846,601,3.9%,9%,$78,$78, $	158.08 , $	61.71 , $	159.89 ,$84.60, $	64.42 ,$84.60,2.38%,2.47%,0.09%,0.55%
"Oklahoma City , Oklahoma",240471,153700,132000,2%,849,512,5.8%,9%,$77,$77, $	154.17 , $	385.50 , $	160.26 ,$84.90, $	220.92 ,$84.90,-0.10%,-0.12%,-0.02%,0.55%
"Cincinnati , Ohio",137281,129100,136400,-1%,709,496,4.0%,7%,$49,$49, $	208.08 , $	74.60 , $	142.54 ,$70.90, $	72.00 ,$70.90,1.52%,1.44%,-0.08%,0.55%
"Clearwater , Florida",46667,191600,205500,-1%,1052,761,3.7%,6%,$65,$65, $	149.75 , $	267.36 , $	184.22 ,$105.20, $	297.92 ,$105.20,1.76%,1.64%,-0.12%,0.55%
"Albany , New York",41207,173300,186000,-1%,951,681,3.8%,6%,$54,$54, $	436.58 , $	49.70 , $	172.52 ,$95.10, $	77.92 ,$95.10,0.99%,0.92%,-0.07%,0.55%
"Delray Beach , Florida",27609,267100,281800,-1%,1465,1120,3.0%,6%,$88,$88, $	236.08 , $	372.71 , $	228.47 ,$146.50, $	297.92 ,$146.50,1.77%,1.67%,-0.09%,0.55%
"Hialeah , Florida",72703,203700,222300,-1%,1117,812,3.6%,2%,$27,$45, $	142.33 , $	284.25 , $	191.54 ,$111.70, $	297.92 ,$111.70,2.02%,1.85%,-0.17%,0.55%
"Appleton , Wisconsin",29125,142500,139500,0%,779,520,4.6%,4%,$30,$31, $	242.67 , $	61.92 , $	151.54 ,$77.90, $	65.67 ,$77.90,1.80%,1.84%,0.04%,0.55%
"Cape Coral , Florida",64981,214700,221100,-0%,1172,870,3.4%,6%,$69,$69, $	176.67 , $	299.59 , $	197.62 ,$117.20, $	297.92 ,$117.20,1.74%,1.69%,-0.05%,0.55%
"Charlotte , North Carolina",323709,200500,174400,2%,1086,690,5.2%,6%,$64,$64, $	187.17 , $	80.92 , $	188.07 ,$108.60, $	64.42 ,$108.60,2.74%,3.15%,0.41%,0.54%
"Winston-Salem , North Carolina",94937,144400,142800,0%,782,535,4.3%,10%,$79,$79, $	136.92 , $	58.28 , $	151.92 ,$78.20, $	64.42 ,$78.20,2.31%,2.33%,0.03%,0.54%
"West Valley City , Utah",37584,199500,180800,1%,1079,696,5.0%,3%,$28,$43, $	129.33 , $	43.18 , $	187.28 ,$107.90, $	53.50 ,$107.90,3.42%,3.77%,0.35%,0.54%
"Carrollton , Texas",47913,217700,166600,3%,1175,765,4.9%,3%,$29,$47, $	337.00 , $	257.52 , $	197.95 ,$117.50, $	162.08 ,$117.50,1.20%,1.57%,0.37%,0.54%
"Round Rock , Texas",37830,230100,166500,4%,1238,789,5.1%,8%,$94,$94, $	398.58 , $	272.18 , $	204.79 ,$123.80, $	162.08 ,$123.80,0.75%,1.04%,0.29%,0.54%
"Lake Charles , Louisiana",32012,149700,124700,2%,803,507,5.2%,8%,$63,$63, $	50.00 , $	299.15 , $	154.56 ,$80.30, $	248.25 ,$80.30,1.25%,1.50%,0.25%,0.54%
"Cedar Rapids , Iowa",54431,140200,131700,1%,751,528,4.0%,9%,$65,$65, $	221.92 , $	135.00 , $	147.98 ,$75.10, $	100.42 ,$75.10,0.91%,0.97%,0.06%,0.54%
"Green Bay , Wisconsin",42331,131100,132900,-0%,701,527,3.2%,4%,$27,$28, $	228.67 , $	56.97 , $	141.50 ,$70.10, $	65.67 ,$70.10,1.61%,1.59%,-0.02%,0.53%
"Richardson , Texas",42723,250100,179700,4%,1336,853,5.1%,7%,$98,$98, $	380.50 , $	295.84 , $	215.18 ,$133.60, $	162.08 ,$133.60,1.02%,1.42%,0.40%,0.53%
"Louisville/Jefferson County metro government (balance), Kentucky",246382,152300,141800,1%,812,530,4.9%,7%,$59,$59, $	124.75 , $	135.63 , $	155.68 ,$81.20, $	112.92 ,$81.20,2.01%,2.16%,0.15%,0.53%
"Denton , Texas",46561,196900,149100,3%,1046,663,5.2%,7%,$70,$70, $	336.25 , $	232.91 , $	183.54 ,$104.60, $	162.08 ,$104.60,0.72%,0.95%,0.23%,0.53%
"Lynchburg , Virginia",28069,158800,147400,1%,843,517,5.6%,6%,$48,$48, $	123.25 , $	48.62 , $	159.52 ,$84.30, $	79.92 ,$84.30,2.87%,3.09%,0.22%,0.53%
"Warwick , Rhode Island",34744,213300,235900,-1%,1132,902,2.6%,3%,$37,$45, $	304.08 , $	80.56 , $	193.21 ,$113.20, $	100.42 ,$113.20,2.23%,2.01%,-0.21%,0.53%
"Maple Grove , Minnesota",27115,280700,265500,1%,1487,1074,3.7%,6%,$91,$91, $	297.58 , $	204.65 , $	230.69 ,$148.70, $	111.08 ,$148.70,2.20%,2.33%,0.13%,0.53%
"Columbia , South Carolina",46822,173400,162700,1%,910,597,4.8%,8%,$73,$73, $	112.00 , $	147.51 , $	167.65 ,$91.00, $	116.83 ,$91.00,2.21%,2.35%,0.15%,0.52%
"Orlando , Florida",111674,217800,226100,-0%,1139,817,3.8%,8%,$87,$87, $	186.50 , $	303.92 , $	193.99 ,$113.90, $	297.92 ,$113.90,1.40%,1.35%,-0.05%,0.52%
"Little Rock , Arkansas",81369,162800,152100,1%,850,572,4.5%,14%,$122,$122, $	127.92 , $	297.31 , $	160.38 ,$85.00, $	171.92 ,$85.00,0.43%,0.46%,0.03%,0.52%
"Newport News , Virginia",69324,193100,204800,-1%,1008,736,3.6%,10%,$96,$96, $	182.75 , $	59.12 , $	179.18 ,$100.80, $	79.92 ,$100.80,2.43%,2.29%,-0.14%,0.52%
"Springdale , Arkansas",26168,146400,148800,-0%,762,529,4.1%,3%,$20,$30, $	95.67 , $	267.36 , $	149.38 ,$76.20, $	171.92 ,$76.20,1.17%,1.15%,-0.02%,0.52%
"Miramar , Florida",39759,279900,303400,-1%,1454,1251,1.7%,8%,$109,$109, $	284.92 , $	390.58 , $	227.35 ,$145.40, $	297.92 ,$145.40,1.27%,1.17%,-0.10%,0.52%
"Las Cruces , New Mexico",39934,150200,159500,-1%,779,559,3.8%,7%,$58,$58, $	107.83 , $	93.64 , $	151.54 ,$77.90, $	99.75 ,$77.90,2.32%,2.19%,-0.14%,0.52%
"Hesperia , California",26492,219600,268900,-2%,1138,869,3.0%,2%,$27,$46, $	137.50 , $	31.68 , $	193.88 ,$113.80, $	66.08 ,$113.80,3.36%,2.75%,-0.62%,0.52%
"Norfolk , Virginia",88155,199400,212800,-1%,1031,713,4.2%,6%,$65,$65, $	184.33 , $	61.05 , $	181.82 ,$103.10, $	79.92 ,$103.10,2.62%,2.46%,-0.17%,0.52%
"Chattanooga , Tennessee",72842,160100,133000,2%,827,531,5.0%,9%,$77,$77, $	152.50 , $	150.89 , $	157.55 ,$82.70, $	126.75 ,$82.70,1.55%,1.86%,0.32%,0.52%
"Plantation , Florida",33610,308800,318700,-0%,1595,1155,3.7%,10%,$156,$156, $	274.92 , $	430.90 , $	241.45 ,$159.50, $	297.92 ,$159.50,1.29%,1.25%,-0.04%,0.52%
"Tallahassee , Florida",75508,193100,196900,-0%,995,688,4.2%,7%,$68,$68, $	171.58 , $	269.45 , $	177.67 ,$99.50, $	297.92 ,$99.50,1.30%,1.27%,-0.03%,0.52%
"Greenville , North Carolina",36865,155100,148300,0%,799,515,5.0%,8%,$60,$60, $	139.25 , $	62.60 , $	154.06 ,$79.90, $	64.42 ,$79.90,2.35%,2.45%,0.11%,0.52%
"Athens-Clarke County unified government (balance), Georgia",46708,164100,161100,0%,844,587,4.1%,6%,$48,$48, $	144.00 , $	120.07 , $	159.64 ,$84.40, $	91.92 ,$84.40,2.10%,2.14%,0.04%,0.51%
"West Palm Beach , Florida",41691,237400,243400,-0%,1220,889,3.6%,8%,$93,$93, $	240.00 , $	331.27 , $	202.84 ,$122.00, $	297.92 ,$122.00,1.17%,1.14%,-0.03%,0.51%
"Glen Burnie, Maryland",26768,248900,282400,-1%,1279,902,4.0%,9%,$115,$115, $	194.00 , $	57.15 , $	209.17 ,$127.90, $	72.17 ,$127.90,2.78%,2.45%,-0.33%,0.51%
"Ogden , Utah",30477,152100,134600,1%,777,563,3.6%,5%,$40,$40, $	107.75 , $	32.92 , $	151.29 ,$77.70, $	53.50 ,$77.70,2.90%,3.28%,0.38%,0.51%
"St. Cloud , Minnesota",26264,149200,165000,-1%,762,608,2.5%,4%,$27,$30, $	128.83 , $	108.78 , $	149.38 ,$76.20, $	111.08 ,$76.20,2.16%,1.95%,-0.21%,0.51%
"Lincoln , Nebraska",112124,161200,143500,1%,822,569,4.2%,4%,$32,$33, $	246.75 , $	234.29 , $	156.93 ,$82.20, $	131.92 ,$82.20,0.51%,0.58%,0.06%,0.51%
"Frederick , Maryland",27180,265500,301000,-1%,1351,961,3.9%,4%,$47,$54, $	338.83 , $	60.96 , $	216.75 ,$135.10, $	72.17 ,$135.10,2.46%,2.17%,-0.29%,0.51%
"Germantown, Maryland",30935,336500,357900,-1%,1712,1234,3.7%,5%,$89,$89, $	261.75 , $	77.27 , $	252.82 ,$171.20, $	72.17 ,$171.20,3.07%,2.88%,-0.18%,0.51%
"Duluth , Minnesota",36039,157100,155800,0%,799,624,2.8%,4%,$28,$32, $	152.67 , $	114.54 , $	154.06 ,$79.90, $	111.08 ,$79.90,2.03%,2.05%,0.02%,0.51%
"Allen , Texas",32518,286300,192300,5%,1456,930,5.1%,3%,$41,$58, $	525.42 , $	338.66 , $	227.55 ,$145.60, $	162.08 ,$145.60,0.67%,1.00%,0.33%,0.51%
"St. Charles , Missouri",27872,188600,193700,-0%,959,655,4.3%,7%,$62,$62, $	214.50 , $	243.57 , $	173.47 ,$95.90, $	143.50 ,$95.90,1.08%,1.05%,-0.03%,0.51%
"Baton Rouge , Louisiana",85263,169200,156200,1%,860,571,4.7%,9%,$79,$79, $	97.67 , $	338.12 , $	161.60 ,$86.00, $	248.25 ,$86.00,0.69%,0.75%,0.06%,0.51%
"Providence , Rhode Island",61638,192100,242600,-3%,972,744,3.0%,7%,$70,$70, $	298.92 , $	72.55 , $	174.99 ,$97.20, $	100.42 ,$97.20,1.61%,1.28%,-0.34%,0.51%
"Davie , Florida",35096,275200,308900,-1%,1384,992,3.8%,6%,$89,$89, $	304.83 , $	384.02 , $	220.18 ,$138.40, $	297.92 ,$138.40,1.08%,0.96%,-0.12%,0.50%
"Palmdale , California",43890,254800,289100,-1%,1281,913,3.8%,4%,$50,$51, $	284.92 , $	36.76 , $	209.38 ,$128.10, $	66.08 ,$128.10,2.69%,2.37%,-0.32%,0.50%
"O'Fallon , Missouri",30766,217000,211400,0%,1090,756,4.1%,5%,$58,$58, $	224.08 , $	280.25 , $	188.52 ,$109.00, $	143.50 ,$109.00,1.27%,1.31%,0.03%,0.50%
"Rochester , Minnesota",45945,188000,168700,1%,942,656,4.1%,5%,$42,$42, $	184.75 , $	137.07 , $	171.46 ,$94.20, $	111.08 ,$94.20,1.99%,2.22%,0.23%,0.50%
"Dothan , Alabama",26001,146800,141600,0%,735,452,5.6%,12%,$90,$90, $	46.58 , $	239.58 , $	145.92 ,$73.50, $	192.83 ,$73.50,1.14%,1.18%,0.04%,0.50%
"Manchester , New Hampshire",45461,217100,237100,-1%,1086,829,3.0%,5%,$55,$55, $	391.92 , $	60.15 , $	188.07 ,$108.60, $	56.67 ,$108.60,1.56%,1.43%,-0.13%,0.50%
"Jonesboro , Arkansas",28771,152200,131400,2%,758,484,5.1%,5%,$35,$35, $	85.83 , $	277.95 , $	148.87 ,$75.80, $	171.92 ,$75.80,1.06%,1.23%,0.17%,0.50%
"Tampa , Florida",149279,217400,213000,0%,1082,736,4.4%,6%,$65,$65, $	177.50 , $	303.36 , $	187.62 ,$108.20, $	297.92 ,$108.20,1.33%,1.35%,0.03%,0.50%
"Pawtucket , Rhode Island",28196,181900,235400,-3%,903,687,3.1%,4%,$37,$37, $	296.08 , $	68.70 , $	166.81 ,$90.30, $	100.42 ,$90.30,1.61%,1.24%,-0.37%,0.50%
"Hollywood , Florida",56542,236400,250100,-1%,1172,863,3.5%,10%,$116,$116, $	202.58 , $	329.88 , $	197.62 ,$117.20, $	297.92 ,$117.20,1.06%,1.00%,-0.06%,0.50%
"Royal Oak , Michigan",28467,210200,182900,2%,1042,737,3.9%,6%,$58,$58, $	290.83 , $	154.11 , $	183.08 ,$104.20, $	89.42 ,$104.20,1.44%,1.65%,0.21%,0.50%
"Toms River, New Jersey",33591,283500,340200,-2%,1405,1041,3.4%,2%,$30,$56, $	466.08 , $	45.98 , $	222.34 ,$140.50, $	59.25 ,$140.50,2.01%,1.67%,-0.33%,0.50%
"Paterson , New Jersey",44748,237500,336700,-4%,1175,865,3.5%,5%,$55,$55, $	722.92 , $	38.52 , $	197.95 ,$117.50, $	59.25 ,$117.50,0.22%,0.15%,-0.06%,0.49%
"Bloomington , Illinois",31952,167200,161900,0%,825,580,4.0%,8%,$65,$65, $	344.67 , $	109.51 , $	157.30 ,$82.50, $	87.75 ,$82.50,0.47%,0.49%,0.02%,0.49%
"Norman , Oklahoma",47135,174700,144500,2%,857,568,4.7%,9%,$78,$78, $	173.17 , $	438.17 , $	161.24 ,$85.70, $	220.92 ,$85.70,-0.54%,-0.66%,-0.11%,0.49%
"Moreno Valley , California",50620,287300,301100,-1%,1406,1123,2.5%,5%,$70,$70, $	219.00 , $	41.45 , $	222.44 ,$140.60, $	66.08 ,$140.60,2.97%,2.84%,-0.14%,0.49%
"Danbury , Connecticut",29736,296600,348800,-2%,1451,1022,4.0%,3%,$38,$58, $	414.83 , $	68.78 , $	227.05 ,$145.10, $	75.17 ,$145.10,2.17%,1.85%,-0.33%,0.49%
"Virginia Beach , Virginia",169290,274300,274500,-0%,1339,981,3.5%,5%,$66,$66, $	197.83 , $	83.98 , $	215.50 ,$133.90, $	79.92 ,$133.90,2.81%,2.81%,-0.00%,0.49%
"Yakima , Washington",33557,164200,157900,0%,801,552,4.2%,4%,$35,$35, $	153.25 , $	31.37 , $	154.31 ,$80.10, $	54.42 ,$80.10,2.53%,2.64%,0.10%,0.49%
"Bloomington , Indiana",30897,182100,159600,1%,887,620,4.1%,6%,$51,$51, $	145.50 , $	170.44 , $	164.88 ,$88.70, $	99.83 ,$88.70,1.76%,2.01%,0.25%,0.49%
"Fishers , Indiana",32017,251700,207900,2%,1222,850,4.1%,10%,$116,$116, $	204.08 , $	235.59 , $	203.06 ,$122.20, $	99.83 ,$122.20,1.63%,1.97%,0.34%,0.49%
"Glendale , Arizona",82455,197600,214400,-1%,958,707,3.4%,7%,$64,$64, $	113.67 , $	72.77 , $	173.35 ,$95.80, $	67.75 ,$95.80,2.66%,2.45%,-0.21%,0.48%
"Tuscaloosa , Alabama",35192,173900,152300,1%,843,527,5.4%,6%,$48,$48, $	72.67 , $	283.81 , $	159.52 ,$84.30, $	192.83 ,$84.30,1.34%,1.53%,0.19%,0.48%
"Peoria , Arizona",58201,248700,248500,0%,1205,965,2.5%,9%,$104,$104, $	137.00 , $	91.59 , $	201.22 ,$120.50, $	67.75 ,$120.50,2.66%,2.66%,0.00%,0.48%
"Woodbury , Minnesota",25098,308700,296000,0%,1495,1040,4.1%,1%,$12,$60, $	301.25 , $	225.07 , $	231.50 ,$149.50, $	111.08 ,$149.50,2.05%,2.14%,0.09%,0.48%
"Durham , North Carolina",107724,207900,178500,2%,1005,660,4.8%,7%,$66,$66, $	218.08 , $	83.91 , $	178.83 ,$100.50, $	64.42 ,$100.50,2.06%,2.40%,0.34%,0.48%
"Spokane , Washington",89626,174300,163500,1%,842,568,4.5%,4%,$36,$36, $	164.17 , $	33.30 , $	159.40 ,$84.20, $	54.42 ,$84.20,2.51%,2.68%,0.17%,0.48%
"Lee's Summit , Missouri",36134,210400,188900,1%,1015,754,3.4%,7%,$66,$66, $	248.00 , $	271.73 , $	179.98 ,$101.50, $	143.50 ,$101.50,0.84%,0.94%,0.10%,0.48%
"Enterprise, Nevada",55100,287200,309900,-1%,1385,1178,1.8%,8%,$104,$104, $	170.92 , $	68.68 , $	220.28 ,$138.50, $	58.58 ,$138.50,2.85%,2.64%,-0.21%,0.48%
"Worcester , Massachusetts",71145,220700,247000,-1%,1064,739,4.1%,4%,$44,$44, $	304.08 , $	57.75 , $	185.58 ,$106.40, $	99.17 ,$106.40,1.99%,1.78%,-0.21%,0.48%
"Thornton , Colorado",44745,290100,219900,3%,1398,856,5.6%,6%,$80,$80, $	158.58 , $	122.90 , $	221.62 ,$139.80, $	118.08 ,$139.80,2.79%,3.69%,0.89%,0.48%
"Brooklyn Park , Minnesota",27455,208800,228600,-1%,1006,743,3.4%,8%,$77,$77, $	236.50 , $	152.23 , $	178.94 ,$100.60, $	111.08 ,$100.60,1.50%,1.37%,-0.13%,0.48%
"Lancaster , California",47650,242100,269800,-1%,1162,952,2.2%,7%,$78,$78, $	238.00 , $	34.93 , $	196.52 ,$116.20, $	66.08 ,$116.20,2.47%,2.22%,-0.25%,0.48%
"Nashua , New Hampshire",36274,257700,268000,-0%,1235,939,3.1%,2%,$22,$49, $	468.08 , $	71.40 , $	204.46 ,$123.50, $	56.67 ,$123.50,1.48%,1.42%,-0.06%,0.48%
"Aurora , Colorado",128182,259000,189100,4%,1241,732,6.0%,4%,$55,$55, $	118.33 , $	109.73 , $	205.11 ,$124.10, $	118.08 ,$124.10,2.91%,3.99%,1.08%,0.48%
"Spokane Valley , Washington",40129,188800,184700,0%,903,641,3.9%,3%,$26,$36, $	200.33 , $	36.07 , $	166.81 ,$90.30, $	54.42 ,$90.30,2.37%,2.43%,0.05%,0.48%
"Lexington-Fayette, Kentucky",128806,180700,160600,1%,864,587,4.4%,5%,$44,$44, $	151.50 , $	160.92 , $	162.09 ,$86.40, $	112.92 ,$86.40,1.72%,1.94%,0.22%,0.48%
"Nashville-Davidson metropolitan government (balance), Tennessee",268061,216500,163500,3%,1033,644,5.4%,6%,$60,$60, $	146.92 , $	204.05 , $	182.05 ,$103.30, $	126.75 ,$103.30,1.87%,2.47%,0.61%,0.48%
"St. Paul , Minnesota",112999,196500,207600,-1%,935,690,3.4%,4%,$38,$38, $	222.00 , $	143.26 , $	170.63 ,$93.50, $	111.08 ,$93.50,1.63%,1.54%,-0.09%,0.48%
"Spring Valley, Nevada",74521,241600,280200,-2%,1148,981,1.8%,7%,$84,$84, $	132.33 , $	57.78 , $	194.98 ,$114.80, $	58.58 ,$114.80,2.80%,2.42%,-0.39%,0.48%
"Lawrence , Kansas",37557,188100,177300,1%,892,637,3.8%,5%,$48,$48, $	216.50 , $	333.48 , $	165.49 ,$89.20, $	161.58 ,$89.20,0.25%,0.27%,0.02%,0.47%
"Mesa , Arizona",178390,209700,222000,-1%,988,725,3.5%,7%,$71,$71, $	108.92 , $	77.23 , $	176.86 ,$98.80, $	67.75 ,$98.80,2.60%,2.46%,-0.14%,0.47%
"West Des Moines , Iowa",27704,210200,185200,1%,988,723,3.5%,5%,$48,$48, $	304.75 , $	202.40 , $	176.86 ,$98.80, $	100.42 ,$98.80,0.90%,1.02%,0.12%,0.47%
"Iowa City , Iowa",29975,203500,180300,1%,954,656,4.2%,3%,$29,$38, $	313.67 , $	195.95 , $	172.88 ,$95.40, $	100.42 ,$95.40,0.81%,0.92%,0.10%,0.47%
"Bloomington , Minnesota",35833,240100,245500,-0%,1121,833,3.4%,3%,$36,$45, $	236.42 , $	175.05 , $	191.99 ,$112.10, $	111.08 ,$112.10,1.80%,1.76%,-0.04%,0.47%
"Concord , North Carolina",32539,188900,172800,1%,880,590,4.5%,7%,$57,$57, $	160.67 , $	76.24 , $	164.04 ,$88.00, $	64.42 ,$88.00,2.12%,2.32%,0.20%,0.47%
"Fort Myers , Florida",29111,208200,184800,1%,969,728,3.2%,10%,$94,$94, $	218.33 , $	290.52 , $	174.64 ,$96.90, $	297.92 ,$96.90,0.55%,0.61%,0.07%,0.47%
"Rapid City , South Dakota",29942,175400,154600,1%,816,592,3.6%,7%,$60,$60, $	218.17 , $	203.41 , $	156.18 ,$81.60, $	114.92 ,$81.60,0.66%,0.75%,0.09%,0.47%
"Chesapeake , Virginia",84230,265600,285400,-1%,1235,844,4.3%,6%,$75,$75, $	214.25 , $	81.32 , $	204.46 ,$123.50, $	79.92 ,$123.50,2.42%,2.25%,-0.17%,0.46%
"Menifee , California",28586,314700,284300,1%,1462,991,4.4%,2%,$28,$58, $	305.67 , $	45.40 , $	228.16 ,$146.20, $	66.08 ,$146.20,2.59%,2.86%,0.28%,0.46%
"Murfreesboro , Tennessee",48639,215800,172400,3%,997,681,4.3%,5%,$46,$46, $	144.08 , $	203.39 , $	177.90 ,$99.70, $	126.75 ,$99.70,1.81%,2.27%,0.46%,0.46%
"Ames , Iowa",25243,196400,173300,1%,905,635,4.0%,4%,$33,$36, $	249.33 , $	189.11 , $	167.05 ,$90.50, $	100.42 ,$90.50,1.06%,1.20%,0.14%,0.46%
"Gilbert , Arizona",75509,310400,298800,0%,1429,1052,3.5%,5%,$67,$67, $	157.50 , $	114.32 , $	224.80 ,$142.90, $	67.75 ,$142.90,2.79%,2.90%,0.11%,0.46%
"Suffolk , Virginia",33198,246600,273000,-1%,1135,631,6.7%,5%,$60,$60, $	203.17 , $	75.50 , $	193.54 ,$113.50, $	79.92 ,$113.50,2.38%,2.15%,-0.23%,0.46%
"Columbia , Missouri",48027,185700,169600,1%,854,592,4.2%,6%,$51,$51, $	161.83 , $	239.83 , $	160.87 ,$85.40, $	143.50 ,$85.40,1.00%,1.10%,0.09%,0.46%
"Phoenix , Arizona",555013,217400,229100,-1%,999,720,3.7%,6%,$63,$63, $	119.08 , $	80.06 , $	178.13 ,$99.90, $	67.75 ,$99.90,2.53%,2.40%,-0.13%,0.46%
"Lafayette , Louisiana",50416,190800,168000,1%,874,573,4.8%,8%,$73,$73, $	110.33 , $	381.28 , $	163.31 ,$87.40, $	248.25 ,$87.40,0.37%,0.42%,0.05%,0.46%
"Plano , Texas",105557,291300,214000,3%,1330,815,5.6%,6%,$84,$84, $	444.58 , $	344.58 , $	214.55 ,$133.00, $	162.08 ,$133.00,0.45%,0.61%,0.16%,0.46%
"Huntsville , Alabama",82858,176100,151500,2%,804,508,5.2%,7%,$57,$57, $	83.08 , $	287.40 , $	154.68 ,$80.40, $	192.83 ,$80.40,0.96%,1.12%,0.16%,0.46%
"Madison , Wisconsin",108573,234100,221400,1%,1068,768,3.7%,3%,$31,$43, $	416.92 , $	101.73 , $	186.04 ,$106.80, $	65.67 ,$106.80,1.10%,1.16%,0.06%,0.46%
"San Bernardino , California",58385,225700,263700,-2%,1029,808,2.7%,4%,$45,$45, $	165.33 , $	32.56 , $	181.59 ,$102.90, $	66.08 ,$102.90,2.67%,2.28%,-0.38%,0.46%
"Newark , New Jersey",96888,231500,293900,-3%,1055,780,3.4%,9%,$91,$91, $	497.83 , $	37.55 , $	184.56 ,$105.50, $	59.25 ,$105.50,0.72%,0.57%,-0.15%,0.46%
"Waukesha , Wisconsin",29432,199400,211600,-1%,908,701,2.9%,4%,$35,$36, $	320.67 , $	86.65 , $	167.41 ,$90.80, $	65.67 ,$90.80,1.24%,1.17%,-0.07%,0.46%
"West Jordan , Utah",33121,261800,228200,2%,1191,827,4.1%,3%,$35,$48, $	145.33 , $	56.67 , $	199.70 ,$119.10, $	53.50 ,$119.10,2.85%,3.27%,0.42%,0.45%
"Georgetown , Texas",25649,255300,173300,4%,1159,719,5.4%,8%,$90,$90, $	373.25 , $	301.99 , $	196.19 ,$115.90, $	162.08 ,$115.90,0.38%,0.56%,0.18%,0.45%
"Raleigh , North Carolina",180046,236700,200300,2%,1074,695,5.0%,6%,$69,$69, $	184.92 , $	95.53 , $	186.72 ,$107.40, $	64.42 ,$107.40,2.18%,2.58%,0.40%,0.45%
"Columbia, Maryland",40332,372000,384900,-0%,1687,1205,3.8%,6%,$98,$98, $	402.25 , $	85.42 , $	250.41 ,$168.70, $	72.17 ,$168.70,2.20%,2.13%,-0.07%,0.45%
"Kennewick , Washington",28364,196100,165200,2%,889,614,4.2%,7%,$58,$58, $	162.17 , $	37.47 , $	165.13 ,$88.90, $	54.42 ,$88.90,2.31%,2.74%,0.43%,0.45%
"Farmington Hills , Michigan",33957,248600,243700,0%,1126,817,3.6%,5%,$61,$61, $	365.00 , $	182.27 , $	192.54 ,$112.60, $	89.42 ,$112.60,1.03%,1.05%,0.02%,0.45%
"Antioch , California",34102,366100,405700,-1%,1658,1119,4.5%,5%,$75,$75, $	299.17 , $	52.82 , $	247.61 ,$165.80, $	66.08 ,$165.80,2.68%,2.42%,-0.26%,0.45%
"McKinney , Texas",59580,281300,186400,5%,1272,740,6.2%,8%,$99,$99, $	498.33 , $	332.75 , $	208.42 ,$127.20, $	162.08 ,$127.20,0.03%,0.04%,0.01%,0.45%
"Jupiter , Florida",25910,347700,330200,1%,1572,1178,3.3%,5%,$82,$82, $	318.33 , $	485.18 , $	239.18 ,$157.20, $	297.92 ,$157.20,1.00%,1.06%,0.05%,0.45%
"Sioux Falls , South Dakota",70259,175100,151600,2%,791,602,3.1%,6%,$46,$46, $	213.17 , $	203.06 , $	153.05 ,$79.10, $	114.92 ,$79.10,0.66%,0.77%,0.10%,0.45%
"Las Vegas , Nevada",226396,234700,257900,-1%,1057,847,2.5%,6%,$68,$68, $	135.33 , $	56.13 , $	184.79 ,$105.70, $	58.58 ,$105.70,2.59%,2.36%,-0.23%,0.45%
"Merced , California",25827,212100,234800,-1%,954,680,3.8%,5%,$43,$43, $	151.42 , $	30.60 , $	172.88 ,$95.40, $	66.08 ,$95.40,2.61%,2.35%,-0.25%,0.45%
"Cheyenne , Wyoming",26635,200200,165200,2%,898,566,5.3%,7%,$58,$58, $	107.33 , $	93.04 , $	166.21 ,$89.80, $	81.33 ,$89.80,2.30%,2.78%,0.49%,0.45%
"Bakersfield , California",116854,240900,253300,-1%,1078,771,3.8%,5%,$55,$55, $	236.00 , $	34.75 , $	187.17 ,$107.80, $	66.08 ,$107.80,2.28%,2.17%,-0.11%,0.45%
"Cranston , Rhode Island",30754,228300,263600,-2%,1021,816,2.5%,5%,$51,$51, $	380.25 , $	86.22 , $	180.67 ,$102.10, $	100.42 ,$102.10,1.16%,1.00%,-0.16%,0.45%
"Visalia , California",42209,224100,239900,-1%,998,759,3.1%,4%,$44,$44, $	169.67 , $	32.33 , $	178.02 ,$99.80, $	66.08 ,$99.80,2.54%,2.37%,-0.17%,0.45%
"Edmond , Oklahoma",33604,231100,191200,2%,1028,644,5.3%,4%,$44,$44, $	212.33 , $	579.63 , $	181.48 ,$102.80, $	220.92 ,$102.80,-0.48%,-0.58%,-0.10%,0.44%
"Richmond , Virginia",89846,220700,212300,0%,979,661,4.5%,4%,$41,$41, $	184.92 , $	67.57 , $	175.81 ,$97.90, $	79.92 ,$97.90,2.24%,2.33%,0.09%,0.44%
"Brockton , Massachusetts",32157,245300,273100,-1%,1088,848,2.8%,3%,$34,$44, $	287.33 , $	64.19 , $	188.29 ,$108.80, $	99.17 ,$108.80,1.94%,1.74%,-0.20%,0.44%
"Westminster , Colorado",43828,307600,229900,3%,1364,810,6.0%,5%,$70,$70, $	140.17 , $	130.31 , $	218.10 ,$136.40, $	118.08 ,$136.40,2.61%,3.49%,0.88%,0.44%
"New Orleans , Louisiana",154036,219600,199100,1%,973,739,3.1%,8%,$80,$80, $	178.00 , $	438.83 , $	175.11 ,$97.30, $	248.25 ,$97.30,0.02%,0.02%,0.00%,0.44%
"Albuquerque , New Mexico",222748,193000,192800,0%,855,628,3.5%,8%,$69,$69, $	177.25 , $	120.33 , $	160.99 ,$85.50, $	99.75 ,$85.50,1.50%,1.50%,0.00%,0.44%
"Johnson City , Tennessee",28337,165900,158700,0%,734,467,5.2%,6%,$42,$42, $	120.83 , $	156.36 , $	145.79 ,$73.40, $	126.75 ,$73.40,1.42%,1.48%,0.06%,0.44%
"Lowell , Massachusetts",38829,251300,248800,0%,1111,807,3.6%,5%,$57,$57, $	274.92 , $	65.76 , $	190.87 ,$111.10, $	99.17 ,$111.10,1.97%,1.99%,0.02%,0.44%
"Olathe , Kansas",47265,224000,195500,2%,990,678,4.3%,3%,$27,$40, $	239.92 , $	397.13 , $	177.09 ,$99.00, $	161.58 ,$99.00,0.20%,0.23%,0.03%,0.44%
"Rochester Hills , Michigan",28779,283200,251000,1%,1251,870,4.1%,4%,$45,$50, $	327.67 , $	207.64 , $	206.18 ,$125.10, $	89.42 ,$125.10,1.42%,1.60%,0.18%,0.44%
"Tacoma , Washington",82540,250400,243500,0%,1106,719,4.9%,5%,$50,$50, $	246.33 , $	47.84 , $	190.31 ,$110.60, $	54.42 ,$110.60,2.21%,2.27%,0.06%,0.44%
"Vancouver , Washington",71595,260400,237400,1%,1142,723,5.2%,3%,$38,$46, $	222.33 , $	49.75 , $	194.32 ,$114.20, $	54.42 ,$114.20,2.38%,2.61%,0.23%,0.44%
"Chandler , Arizona",88987,285000,283700,0%,1246,889,3.8%,4%,$50,$50, $	141.08 , $	104.96 , $	205.64 ,$124.60, $	67.75 ,$124.60,2.61%,2.62%,0.01%,0.44%
"Chicago , Illinois",1056118,246500,280200,-1%,1077,760,3.9%,6%,$68,$68, $	338.08 , $	161.44 , $	187.06 ,$107.70, $	87.75 ,$107.70,1.05%,0.92%,-0.13%,0.44%
"Tempe , Arizona",70981,255800,258500,-0%,1114,781,4.0%,7%,$82,$82, $	140.58 , $	94.21 , $	191.21 ,$111.40, $	67.75 ,$111.40,2.32%,2.29%,-0.02%,0.44%
"Elk Grove , California",52025,377800,363000,0%,1641,1280,2.8%,2%,$33,$66, $	310.50 , $	54.50 , $	245.95 ,$164.10, $	66.08 ,$164.10,2.54%,2.65%,0.10%,0.43%
"Lawrence , Massachusetts",25635,255800,264600,-0%,1111,770,4.2%,4%,$48,$48, $	237.42 , $	66.94 , $	190.87 ,$111.10, $	99.17 ,$111.10,2.14%,2.07%,-0.07%,0.43%
"Paradise, Nevada",90360,217000,250500,-2%,942,800,1.8%,18%,$170,$170, $	115.00 , $	51.89 , $	171.46 ,$94.20, $	58.58 ,$94.20,1.88%,1.63%,-0.25%,0.43%
"The Woodlands, Texas",40540,361500,245200,4%,1567,958,5.6%,10%,$152,$152, $	661.25 , $	427.61 , $	238.68 ,$156.70, $	162.08 ,$156.70,-0.23%,-0.34%,-0.11%,0.43%
"Murrieta , California",32212,390800,381400,0%,1694,1238,3.5%,3%,$46,$68, $	371.50 , $	56.38 , $	251.09 ,$169.40, $	66.08 ,$169.40,2.39%,2.45%,0.06%,0.43%
"Meridian , Idaho",34783,242000,219400,1%,1045,859,2.2%,0%,$0,$42, $	140.92 , $	81.41 , $	183.42 ,$104.50, $	51.83 ,$104.50,2.44%,2.70%,0.25%,0.43%
"Palatine, Illinois",26881,278500,308800,-1%,1202,945,2.7%,4%,$53,$53, $	544.00 , $	182.40 , $	200.89 ,$120.20, $	87.75 ,$120.20,0.44%,0.39%,-0.04%,0.43%
"Fresno , California",166758,224600,254500,-1%,969,716,3.4%,4%,$40,$40, $	166.42 , $	32.40 , $	174.64 ,$96.90, $	66.08 ,$96.90,2.45%,2.16%,-0.29%,0.43%
"Colorado Springs , Colorado",178623,248700,217700,1%,1072,676,5.3%,4%,$42,$43, $	99.92 , $	105.36 , $	186.49 ,$107.20, $	118.08 ,$107.20,2.56%,2.92%,0.36%,0.43%
"Hillsboro , Oregon",38371,315100,265300,2%,1358,821,5.8%,2%,$27,$54, $	278.67 , $	74.19 , $	217.48 ,$135.80, $	53.58 ,$135.80,2.28%,2.70%,0.43%,0.43%
"Citrus Heights , California",33749,274600,289300,-1%,1183,880,3.3%,2%,$28,$47, $	186.83 , $	39.62 , $	198.82 ,$118.30, $	66.08 ,$118.30,2.59%,2.46%,-0.13%,0.43%
"Overland Park , Kansas",76988,261200,231000,1%,1125,780,4.2%,5%,$51,$51, $	257.75 , $	463.08 , $	192.43 ,$112.50, $	161.58 ,$112.50,0.22%,0.25%,0.03%,0.43%
"College Station , Texas",39908,226400,170400,3%,972,634,4.9%,8%,$80,$80, $	382.00 , $	267.81 , $	174.99 ,$97.20, $	162.08 ,$97.20,-0.16%,-0.21%,-0.05%,0.43%
"Coral Springs , Florida",41560,336900,352200,-0%,1444,1133,2.7%,6%,$81,$81, $	345.50 , $	470.11 , $	226.33 ,$144.40, $	297.92 ,$144.40,0.63%,0.60%,-0.03%,0.43%
"Greeley , Colorado",35972,221700,177200,3%,950,598,5.3%,5%,$43,$43, $	95.58 , $	93.92 , $	172.41 ,$95.00, $	118.08 ,$95.00,2.44%,3.05%,0.61%,0.43%
"Stockton , California",95191,248000,286300,-2%,1059,787,3.4%,5%,$50,$50, $	195.08 , $	35.78 , $	185.02 ,$105.90, $	66.08 ,$105.90,2.36%,2.04%,-0.32%,0.43%
"Anochorage, Alaska",106524,308000,275000,1%,1306,939,3.7%,6%,$80,$80, $	351.42 , $	99.56 , $	212.03 ,$130.60, $	75.67 ,$130.60,1.69%,1.89%,0.20%,0.42%
"Highlands Ranch, Colorado",37340,442000,331200,3%,1874,1163,5.4%,4%,$81,$81, $	219.33 , $	187.25 , $	268.12 ,$187.40, $	118.08 ,$187.40,2.53%,3.37%,0.85%,0.42%
"Modesto , California",72106,265100,293800,-1%,1122,819,3.6%,3%,$37,$45, $	169.58 , $	38.24 , $	192.10 ,$112.20, $	66.08 ,$112.20,2.56%,2.31%,-0.25%,0.42%
"Temecula , California",33889,424100,385900,1%,1787,1263,3.9%,6%,$102,$102, $	354.83 , $	61.18 , $	259.96 ,$178.70, $	66.08 ,$178.70,2.35%,2.58%,0.23%,0.42%
"Centennial , Colorado",39701,398700,287900,4%,1679,1072,5.1%,5%,$77,$77, $	207.83 , $	168.91 , $	249.64 ,$167.90, $	118.08 ,$167.90,2.43%,3.37%,0.94%,0.42%
"Atlanta , Georgia",199478,261400,244900,1%,1099,728,4.7%,8%,$82,$82, $	244.42 , $	191.26 , $	189.53 ,$109.90, $	91.92 ,$109.90,1.29%,1.38%,0.09%,0.42%
"Rialto , California",25922,285900,313200,-1%,1198,932,2.8%,2%,$23,$48, $	201.92 , $	41.25 , $	200.46 ,$119.80, $	66.08 ,$119.80,2.46%,2.25%,-0.21%,0.42%
"Eagan , Minnesota",26553,276000,260200,1%,1156,866,3.3%,2%,$22,$46, $	237.42 , $	201.23 , $	195.86 ,$115.60, $	111.08 ,$115.60,1.56%,1.66%,0.09%,0.42%
"Elizabeth , New Jersey",40394,273700,365400,-3%,1146,859,3.3%,4%,$46,$46, $	752.75 , $	44.39 , $	194.76 ,$114.60, $	59.25 ,$114.60,-0.03%,-0.02%,0.01%,0.42%
"Santa Maria , California",27651,325400,349800,-1%,1362,970,3.8%,3%,$41,$54, $	221.42 , $	46.94 , $	217.89 ,$136.20, $	66.08 ,$136.20,2.53%,2.35%,-0.18%,0.42%
"Henderson , Nevada",113901,293500,317200,-1%,1226,1023,2.0%,7%,$80,$80, $	157.75 , $	70.19 , $	203.49 ,$122.60, $	58.58 ,$122.60,2.42%,2.24%,-0.18%,0.42%
"Minneapolis , Minnesota",173916,235900,231000,0%,985,717,3.6%,4%,$35,$39, $	261.67 , $	171.99 , $	176.51 ,$98.50, $	111.08 ,$98.50,1.21%,1.23%,0.03%,0.42%
"Loveland , Colorado",31285,286500,216900,3%,1192,725,5.7%,4%,$45,$48, $	117.67 , $	121.38 , $	199.81 ,$119.20, $	118.08 ,$119.20,2.46%,3.24%,0.79%,0.42%
"Vallejo , California",41991,338200,368200,-1%,1406,1025,3.6%,5%,$69,$69, $	236.42 , $	48.79 , $	222.44 ,$140.60, $	66.08 ,$140.60,2.44%,2.25%,-0.20%,0.42%
"Great Falls , Montana",25717,168900,145700,2%,701,463,4.7%,7%,$48,$48, $	142.75 , $	97.08 , $	141.50 ,$70.10, $	97.92 ,$70.10,1.43%,1.66%,0.23%,0.42%
"Broomfield , Colorado",26721,382800,279200,4%,1583,865,6.9%,4%,$66,$66, $	219.25 , $	162.17 , $	240.27 ,$158.30, $	118.08 ,$158.30,2.31%,3.17%,0.86%,0.41%
"Salem , Oregon",59693,223200,208300,1%,922,598,4.9%,6%,$55,$55, $	257.67 , $	52.55 , $	169.09 ,$92.20, $	53.58 ,$92.20,1.59%,1.70%,0.11%,0.41%
"Asheville , North Carolina",40757,242500,200100,2%,1001,649,4.9%,4%,$42,$42, $	169.00 , $	97.87 , $	178.37 ,$100.10, $	64.42 ,$100.10,2.05%,2.48%,0.43%,0.41%
"Kendall, Florida",26806,356500,337900,1%,1464,1107,3.2%,12%,$177,$177, $	290.08 , $	497.46 , $	228.37 ,$146.40, $	297.92 ,$146.40,0.42%,0.44%,0.02%,0.41%
"Ontario , California",49624,348200,359600,-0%,1429,1085,3.1%,3%,$43,$57, $	208.67 , $	50.23 , $	224.80 ,$142.90, $	66.08 ,$142.90,2.57%,2.49%,-0.08%,0.41%
"Gresham , Oregon",40051,267000,244200,1%,1095,708,5.0%,6%,$65,$65, $	259.58 , $	62.87 , $	189.08 ,$109.50, $	53.58 ,$109.50,1.84%,2.01%,0.17%,0.41%
"Metairie, Louisiana",59798,228400,215100,1%,935,748,2.5%,6%,$58,$58, $	116.42 , $	456.42 , $	170.63 ,$93.50, $	248.25 ,$93.50,0.21%,0.22%,0.01%,0.41%
"Redding , California",36347,253700,286400,-1%,1037,707,4.3%,4%,$38,$41, $	180.50 , $	36.60 , $	182.51 ,$103.70, $	66.08 ,$103.70,2.33%,2.06%,-0.27%,0.41%
"Clifton , New Jersey",29169,337200,376100,-1%,1375,1010,3.5%,2%,$33,$55, $	769.50 , $	54.69 , $	219.24 ,$137.50, $	59.25 ,$137.50,0.49%,0.44%,-0.05%,0.41%
"Grand Junction , Colorado",25668,223900,231600,-0%,912,652,3.8%,2%,$14,$36, $	85.92 , $	94.86 , $	167.89 ,$91.20, $	118.08 ,$91.20,2.33%,2.26%,-0.08%,0.41%
"Rancho Cordova , California",25170,278800,284200,-0%,1134,837,3.4%,4%,$44,$45, $	232.67 , $	40.22 , $	193.43 ,$113.40, $	66.08 ,$113.40,2.19%,2.15%,-0.04%,0.41%
"Ann Arbor , Michigan",47791,298400,241800,2%,1213,868,3.8%,3%,$35,$49, $	479.17 , $	218.78 , $	202.09 ,$121.30, $	89.42 ,$121.30,0.58%,0.71%,0.13%,0.41%
"Kent , Washington",42815,316400,309400,0%,1286,817,5.2%,4%,$57,$57, $	301.92 , $	60.45 , $	209.91 ,$128.60, $	54.42 ,$128.60,2.00%,2.05%,0.05%,0.41%
"Troy , Michigan",31368,286600,261200,1%,1161,875,3.2%,3%,$31,$46, $	376.50 , $	210.13 , $	196.41 ,$116.10, $	89.42 ,$116.10,0.90%,0.99%,0.09%,0.41%
"Indio , California",31468,267900,304900,-1%,1085,794,3.5%,8%,$91,$91, $	301.67 , $	38.65 , $	187.96 ,$108.50, $	66.08 ,$108.50,1.60%,1.41%,-0.19%,0.41%
"Billings , Montana",46133,212700,174800,2%,861,570,4.7%,6%,$50,$50, $	171.08 , $	122.26 , $	161.73 ,$86.10, $	97.92 ,$86.10,1.52%,1.85%,0.33%,0.40%
"Auburn , Washington",28389,294200,293200,0%,1185,773,4.9%,3%,$32,$47, $	302.83 , $	56.21 , $	199.04 ,$118.50, $	54.42 ,$118.50,1.88%,1.89%,0.01%,0.40%
"Johns Creek , Georgia",27945,382400,344100,1%,1538,1047,4.4%,5%,$78,$78, $	323.50 , $	279.79 , $	235.80 ,$153.80, $	91.92 ,$153.80,1.46%,1.63%,0.16%,0.40%
"Fairfield , California",36348,377400,415200,-1%,1510,1042,4.2%,3%,$44,$60, $	291.50 , $	54.45 , $	233.00 ,$151.00, $	66.08 ,$151.00,2.29%,2.08%,-0.21%,0.40%
"Everett , Washington",42883,293200,283200,0%,1173,769,4.8%,4%,$42,$47, $	236.75 , $	56.02 , $	197.73 ,$117.30, $	54.42 ,$117.30,2.12%,2.20%,0.07%,0.40%
"Fargo , North Dakota",53359,199700,149300,3%,796,547,4.3%,7%,$53,$53, $	226.33 , $	186.62 , $	153.68 ,$79.60, $	112.83 ,$79.60,0.58%,0.78%,0.20%,0.40%
"Federal Way , Washington",34923,307100,294900,0%,1224,810,4.7%,3%,$35,$49, $	292.42 , $	58.68 , $	203.28 ,$122.40, $	54.42 ,$122.40,1.95%,2.03%,0.08%,0.40%
"Vacaville , California",32922,391100,387600,0%,1557,1159,3.3%,2%,$25,$62, $	291.50 , $	56.42 , $	237.69 ,$155.70, $	66.08 ,$155.70,2.31%,2.33%,0.02%,0.40%
"Orem , Utah",28177,247100,213600,2%,983,683,4.1%,5%,$47,$47, $	111.50 , $	53.49 , $	176.27 ,$98.30, $	53.50 ,$98.30,2.41%,2.79%,0.38%,0.40%
"Tracy , California",25472,422900,391900,1%,1680,1153,4.3%,2%,$27,$67, $	337.08 , $	61.01 , $	249.74 ,$168.00, $	66.08 ,$168.00,2.26%,2.44%,0.18%,0.40%
"Portland , Maine",30564,273400,250300,1%,1079,787,3.6%,4%,$40,$43, $	365.08 , $	94.02 , $	187.28 ,$107.90, $	60.08 ,$107.90,1.24%,1.35%,0.11%,0.39%
"Boise City , Idaho",89975,230800,209100,1%,910,650,3.8%,3%,$27,$36, $	153.67 , $	77.64 , $	167.65 ,$91.00, $	51.83 ,$91.00,1.99%,2.20%,0.21%,0.39%
"Wilmington , North Carolina",51316,237700,242600,-0%,935,680,3.6%,6%,$54,$54, $	176.58 , $	95.93 , $	170.63 ,$93.50, $	64.42 ,$93.50,1.74%,1.70%,-0.04%,0.39%
"Hoover , Alabama",32685,280400,269700,0%,1100,751,4.3%,8%,$90,$90, $	152.17 , $	457.61 , $	189.64 ,$110.00, $	192.83 ,$110.00,0.43%,0.45%,0.02%,0.39%
"Austin , Texas",370043,312300,203400,5%,1225,739,5.8%,7%,$81,$81, $	486.50 , $	369.42 , $	203.38 ,$122.50, $	162.08 ,$122.50,-0.14%,-0.22%,-0.08%,0.39%
"Charleston , South Carolina",55013,308100,262600,2%,1208,737,5.6%,5%,$62,$62, $	130.08 , $	262.10 , $	201.55 ,$120.80, $	116.83 ,$120.80,1.68%,1.97%,0.29%,0.39%
"Frisco , Texas",55827,368000,248200,4%,1441,903,5.3%,10%,$140,$140, $	584.75 , $	435.30 , $	226.03 ,$144.10, $	162.08 ,$144.10,-0.29%,-0.43%,-0.14%,0.39%
"Renton , Washington",39030,369300,330400,1%,1430,880,5.5%,3%,$46,$57, $	306.92 , $	70.56 , $	224.90 ,$143.00, $	54.42 ,$143.00,2.04%,2.28%,0.24%,0.39%
"Arlington Heights, Illinois",31070,350000,378700,-1%,1350,985,3.6%,5%,$61,$61, $	663.33 , $	229.23 , $	216.64 ,$135.00, $	87.75 ,$135.00,0.15%,0.14%,-0.01%,0.39%
"Santa Fe , New Mexico",35593,270700,308200,-1%,1043,795,3.1%,7%,$73,$73, $	123.67 , $	168.77 , $	183.20 ,$104.30, $	99.75 ,$104.30,1.73%,1.52%,-0.21%,0.39%
"Fort Lauderdale , Florida",74160,318200,323100,-0%,1224,878,3.8%,8%,$93,$93, $	252.08 , $	444.02 , $	203.28 ,$122.40, $	297.92 ,$122.40,0.41%,0.41%,-0.01%,0.38%
"Sparks , Nevada",38056,275100,277100,-0%,1057,812,3.0%,5%,$52,$52, $	161.83 , $	65.79 , $	184.79 ,$105.70, $	58.58 ,$105.70,2.12%,2.11%,-0.02%,0.38%
"Boca Raton , Florida",40434,433600,425300,0%,1663,1224,3.5%,19%,$309,$309, $	376.42 , $	605.05 , $	248.09 ,$166.30, $	297.92 ,$166.30,-0.12%,-0.12%,-0.00%,0.38%
"Lynn , Massachusetts",32709,295100,285700,0%,1130,810,3.8%,2%,$21,$45, $	344.50 , $	77.22 , $	192.99 ,$113.00, $	99.17 ,$113.00,1.45%,1.50%,0.05%,0.38%
"Miami , Florida",171036,292900,291200,0%,1120,768,4.3%,7%,$74,$74, $	265.50 , $	408.72 , $	191.88 ,$112.00, $	297.92 ,$112.00,0.28%,0.28%,0.00%,0.38%
"Plymouth , Minnesota",31002,340700,331800,0%,1300,942,3.6%,3%,$36,$52, $	342.83 , $	248.40 , $	211.39 ,$130.00, $	111.08 ,$130.00,1.11%,1.14%,0.03%,0.38%
"Medford , Oregon",31655,244700,256200,-1%,933,683,3.5%,2%,$22,$37, $	216.42 , $	57.62 , $	170.39 ,$93.30, $	53.58 ,$93.30,1.76%,1.68%,-0.08%,0.38%
"Clovis , California",36418,308300,323900,-1%,1173,833,3.9%,2%,$28,$47, $	252.67 , $	44.48 , $	197.73 ,$117.30, $	66.08 ,$117.30,2.00%,1.90%,-0.10%,0.38%
"Fayetteville , Arkansas",34480,202700,181200,1%,770,536,4.1%,4%,$29,$31, $	127.25 , $	370.18 , $	150.40 ,$77.00, $	171.92 ,$77.00,0.09%,0.10%,0.01%,0.38%
"Riverside , California",90866,344700,356000,-0%,1308,965,3.4%,6%,$73,$73, $	227.00 , $	49.73 , $	212.24 ,$130.80, $	66.08 ,$130.80,2.14%,2.07%,-0.07%,0.38%
"Sandy , Utah",30722,334200,285100,2%,1268,857,4.4%,8%,$107,$107, $	174.50 , $	72.34 , $	208.00 ,$126.80, $	53.50 ,$126.80,2.08%,2.44%,0.36%,0.38%
"Fort Collins , Colorado",62796,338100,244900,4%,1278,769,5.8%,3%,$32,$51, $	160.33 , $	143.24 , $	209.06 ,$127.80, $	118.08 ,$127.80,2.08%,2.87%,0.79%,0.38%
"Longmont , Colorado",35622,327200,241400,3%,1233,813,4.7%,5%,$58,$58, $	154.92 , $	138.62 , $	204.25 ,$123.30, $	118.08 ,$123.30,2.03%,2.75%,0.72%,0.38%
"Sacramento , California",183106,313400,321000,-0%,1179,856,3.6%,4%,$50,$50, $	232.17 , $	45.21 , $	198.39 ,$117.90, $	66.08 ,$117.90,2.05%,2.00%,-0.05%,0.38%
"Reston, Virginia",25232,488000,440700,1%,1835,1365,3.3%,5%,$83,$83, $	407.83 , $	149.41 , $	264.48 ,$183.50, $	79.92 ,$183.50,1.84%,2.03%,0.20%,0.38%
"New Bedford , Massachusetts",39242,218100,248000,-1%,819,595,3.6%,7%,$53,$53, $	251.42 , $	57.07 , $	156.55 ,$81.90, $	99.17 ,$81.90,1.20%,1.06%,-0.15%,0.38%
"Lakewood , Colorado",65737,333400,236200,4%,1249,770,5.5%,3%,$32,$50, $	151.00 , $	141.25 , $	205.97 ,$124.90, $	118.08 ,$124.90,2.07%,2.93%,0.85%,0.37%
"Norwalk , Connecticut",33923,427300,478100,-1%,1597,1107,4.2%,4%,$61,$64, $	595.25 , $	99.09 , $	241.65 ,$159.70, $	75.17 ,$159.70,1.23%,1.10%,-0.13%,0.37%
"St. George , Utah",28998,261800,260000,0%,971,739,3.1%,5%,$47,$47, $	127.67 , $	56.67 , $	174.87 ,$97.10, $	53.50 ,$97.10,2.15%,2.16%,0.01%,0.37%
"Mount Vernon , New York",25248,360300,431400,-2%,1335,982,3.5%,4%,$52,$53, $	833.33 , $	103.34 , $	215.08 ,$133.50, $	77.92 ,$133.50,-0.01%,-0.01%,0.00%,0.37%
"Franklin , Tennessee",28409,385500,314800,2%,1428,914,5.1%,5%,$64,$64, $	198.92 , $	363.33 , $	224.70 ,$142.80, $	126.75 ,$142.80,1.35%,1.65%,0.30%,0.37%
"Jersey City , New Jersey",101007,362100,371800,-0%,1334,941,4.0%,4%,$59,$59, $	627.92 , $	58.73 , $	214.97 ,$133.40, $	59.25 ,$133.40,0.80%,0.78%,-0.02%,0.37%
"Fontana , California",53510,351700,354600,-0%,1288,966,3.2%,2%,$28,$52, $	312.67 , $	50.74 , $	210.12 ,$128.80, $	66.08 ,$128.80,1.82%,1.81%,-0.01%,0.37%
"Rockville , Maryland",25197,521700,509400,0%,1909,1468,3.0%,4%,$74,$76, $	461.92 , $	119.79 , $	271.37 ,$190.90, $	72.17 ,$190.90,1.81%,1.86%,0.04%,0.37%
"Santa Clarita , California",67583,497500,474800,1%,1819,1366,3.2%,3%,$45,$73, $	448.25 , $	71.77 , $	262.98 ,$181.90, $	66.08 ,$181.90,1.88%,1.97%,0.09%,0.37%
"Rancho Cucamonga , California",55950,473800,461300,0%,1728,1302,3.2%,5%,$81,$81, $	341.75 , $	68.35 , $	254.35 ,$172.80, $	66.08 ,$172.80,2.05%,2.11%,0.06%,0.36%
"Oceanside , California",61656,460100,444100,0%,1674,1206,3.7%,4%,$60,$67, $	282.08 , $	66.38 , $	249.16 ,$167.40, $	66.08 ,$167.40,2.20%,2.28%,0.08%,0.36%
"Eugene , Oregon",68855,272000,256500,1%,988,695,4.0%,4%,$35,$40, $	277.42 , $	64.04 , $	176.86 ,$98.80, $	53.58 ,$98.80,1.46%,1.55%,0.09%,0.36%
"Carmel , Indiana",33738,330600,292000,1%,1199,843,4.0%,10%,$115,$115, $	251.00 , $	309.44 , $	200.57 ,$119.90, $	99.83 ,$119.90,0.74%,0.83%,0.10%,0.36%
"Norwalk , California",27180,410400,400300,0%,1488,1116,3.2%,4%,$54,$60, $	277.42 , $	59.21 , $	230.79 ,$148.80, $	66.08 ,$148.80,2.08%,2.14%,0.05%,0.36%
"Bismarck , North Dakota",31893,234500,152000,5%,850,525,5.5%,8%,$64,$64, $	209.08 , $	219.14 , $	160.38 ,$85.00, $	112.83 ,$85.00,0.58%,0.89%,0.31%,0.36%
"Arvada , Colorado",47032,352300,243400,4%,1274,788,5.5%,2%,$24,$51, $	163.33 , $	149.25 , $	208.64 ,$127.40, $	118.08 ,$127.40,1.96%,2.83%,0.88%,0.36%
"Beaverton , Oregon",39452,352000,313200,1%,1269,762,5.8%,2%,$23,$51, $	374.08 , $	82.88 , $	208.10 ,$126.90, $	53.58 ,$126.90,1.45%,1.63%,0.18%,0.36%
"Roseville , California",49204,420100,392300,1%,1513,1054,4.1%,6%,$92,$92, $	336.67 , $	60.61 , $	233.31 ,$151.30, $	66.08 ,$151.30,1.82%,1.95%,0.13%,0.36%
"Evanston , Illinois",28524,380600,398800,-1%,1366,1017,3.3%,7%,$94,$94, $	658.92 , $	249.27 , $	218.31 ,$136.60, $	87.75 ,$136.60,0.03%,0.03%,-0.00%,0.36%
"Oxnard , California",51460,427900,469200,-1%,1526,1134,3.4%,3%,$47,$61, $	307.50 , $	61.73 , $	234.61 ,$152.60, $	66.08 ,$152.60,1.99%,1.81%,-0.17%,0.36%
"Naperville , Illinois",51951,410800,412700,-0%,1462,1021,4.1%,6%,$92,$92, $	756.50 , $	269.05 , $	228.16 ,$146.20, $	87.75 ,$146.20,-0.09%,-0.09%,0.00%,0.36%
"Cary , North Carolina",61548,337700,294600,2%,1199,770,5.0%,5%,$58,$58, $	253.08 , $	136.29 , $	200.57 ,$119.90, $	64.42 ,$119.90,1.53%,1.76%,0.22%,0.36%
"Framingham , Massachusetts",28189,384700,369700,0%,1359,975,3.8%,2%,$29,$54, $	478.50 , $	100.67 , $	217.58 ,$135.90, $	99.17 ,$135.90,1.16%,1.21%,0.05%,0.35%
"Quincy , Massachusetts",40583,410400,362400,1%,1447,1024,3.9%,2%,$23,$58, $	434.25 , $	107.40 , $	226.64 ,$144.70, $	99.17 ,$144.70,1.39%,1.58%,0.18%,0.35%
"Pomona , California",39122,367400,365800,0%,1289,942,3.5%,2%,$21,$52, $	260.50 , $	53.00 , $	210.23 ,$128.90, $	66.08 ,$128.90,1.91%,1.92%,0.01%,0.35%
"Simi Valley , California",42029,553800,561800,-0%,1924,1472,3.0%,3%,$60,$77, $	389.67 , $	79.89 , $	272.75 ,$192.40, $	66.08 ,$192.40,1.98%,1.95%,-0.03%,0.35%
"Mount Pleasant , South Carolina",33208,441600,364900,2%,1533,1026,4.6%,7%,$112,$112, $	140.92 , $	375.67 , $	235.31 ,$153.30, $	116.83 ,$153.30,1.40%,1.70%,0.29%,0.35%
"Corona , California",49658,444200,445000,-0%,1527,1170,3.0%,3%,$41,$61, $	326.92 , $	64.08 , $	234.71 ,$152.70, $	66.08 ,$152.70,1.86%,1.85%,-0.00%,0.34%
"Salinas , California",40623,378000,418000,-1%,1299,938,3.7%,2%,$31,$52, $	273.75 , $	54.53 , $	211.29 ,$129.90, $	66.08 ,$129.90,1.83%,1.66%,-0.18%,0.34%
"Vista , California",30275,452000,433300,0%,1553,1151,3.4%,2%,$37,$62, $	296.08 , $	65.21 , $	237.30 ,$155.30, $	66.08 ,$155.30,1.96%,2.04%,0.08%,0.34%
"Greenville , South Carolina",28762,273100,197200,4%,937,544,6.2%,7%,$64,$64, $	148.33 , $	232.32 , $	170.87 ,$93.70, $	116.83 ,$93.70,1.00%,1.39%,0.39%,0.34%
"Yonkers , New York",74848,392300,441000,-1%,1344,966,3.7%,9%,$117,$117, $	697.08 , $	112.52 , $	216.02 ,$134.40, $	77.92 ,$134.40,0.21%,0.18%,-0.02%,0.34%
"Roswell , Georgia",34430,355900,314100,1%,1218,818,4.5%,8%,$94,$94, $	293.50 , $	260.40 , $	202.63 ,$121.80, $	91.92 ,$121.80,0.83%,0.94%,0.11%,0.34%
"Chico , California",35903,305300,326500,-1%,1044,809,2.9%,8%,$86,$86, $	222.92 , $	44.04 , $	183.31 ,$104.40, $	66.08 ,$104.40,1.59%,1.48%,-0.10%,0.34%
"Provo , Utah",32870,247100,211800,2%,844,619,3.5%,3%,$22,$34, $	109.50 , $	53.49 , $	159.64 ,$84.40, $	53.50 ,$84.40,1.96%,2.28%,0.33%,0.34%
"Denver , Colorado",294358,357300,244000,4%,1217,708,6.2%,5%,$56,$56, $	150.17 , $	151.37 , $	202.52 ,$121.70, $	118.08 ,$121.70,1.80%,2.63%,0.83%,0.34%
"Carson , California",25469,434000,437500,-0%,1464,1089,3.3%,1%,$18,$59, $	310.58 , $	62.61 , $	228.37 ,$146.40, $	66.08 ,$146.40,1.82%,1.80%,-0.01%,0.34%
"Stamford , Connecticut",49510,526700,579200,-1%,1761,1294,3.5%,6%,$97,$97, $	625.33 , $	122.14 , $	257.50 ,$176.10, $	75.17 ,$176.10,1.10%,1.00%,-0.10%,0.33%
"Richmond , California",37209,422300,415000,0%,1400,1041,3.3%,3%,$38,$56, $	383.50 , $	60.92 , $	221.83 ,$140.00, $	66.08 ,$140.00,1.53%,1.55%,0.03%,0.33%
"Lakewood , California",25931,524600,506300,0%,1735,1277,3.5%,8%,$130,$130, $	316.75 , $	75.68 , $	255.02 ,$173.50, $	66.08 ,$173.50,1.79%,1.86%,0.06%,0.33%
"Chula Vista , California",78940,465000,463300,0%,1536,1124,3.5%,3%,$51,$61, $	405.25 , $	67.08 , $	235.60 ,$153.60, $	66.08 ,$153.60,1.58%,1.59%,0.01%,0.33%
"Hayward , California",47768,519600,456100,1%,1712,1138,4.6%,4%,$62,$68, $	358.25 , $	74.96 , $	252.82 ,$171.20, $	66.08 ,$171.20,1.82%,2.07%,0.25%,0.33%
"Fall River , Massachusetts",38660,238100,262900,-1%,783,534,4.3%,2%,$16,$31, $	230.08 , $	62.31 , $	152.05 ,$78.30, $	99.17 ,$78.30,1.15%,1.05%,-0.11%,0.33%
"Mission Viejo , California",33358,668800,629700,1%,2194,1574,3.8%,6%,$123,$123, $	377.92 , $	96.48 , $	297.05 ,$219.40, $	66.08 ,$219.40,1.94%,2.06%,0.12%,0.33%
"Folsom , California",27285,488400,473500,0%,1601,1176,3.5%,3%,$45,$64, $	400.75 , $	70.46 , $	242.04 ,$160.10, $	66.08 ,$160.10,1.63%,1.68%,0.05%,0.33%
"West Covina , California",30513,490000,467300,1%,1602,1210,3.2%,5%,$77,$77, $	314.17 , $	70.69 , $	242.14 ,$160.20, $	66.08 ,$160.20,1.81%,1.89%,0.09%,0.33%
"Santa Ana , California",76521,455300,435200,1%,1488,1148,2.9%,2%,$24,$60, $	273.83 , $	65.68 , $	230.79 ,$148.80, $	66.08 ,$148.80,1.87%,1.96%,0.09%,0.33%
"Escondido , California",46338,423000,423400,-0%,1382,1022,3.4%,4%,$48,$55, $	293.25 , $	61.02 , $	219.97 ,$138.20, $	66.08 ,$138.20,1.74%,1.74%,-0.00%,0.33%
"Silver Spring, Maryland",31541,497200,467700,1%,1624,1206,3.4%,5%,$83,$83, $	361.33 , $	114.17 , $	244.29 ,$162.40, $	72.17 ,$162.40,1.59%,1.69%,0.10%,0.33%
"Bend , Oregon",37339,363200,330700,1%,1185,748,5.2%,3%,$31,$47, $	262.33 , $	85.52 , $	199.04 ,$118.50, $	53.58 ,$118.50,1.56%,1.71%,0.15%,0.33%
"Salt Lake City , Utah",78229,289200,240200,2%,938,638,4.4%,4%,$35,$38, $	162.50 , $	62.60 , $	170.99 ,$93.80, $	53.50 ,$93.80,1.70%,2.05%,0.35%,0.32%
"Reno , Nevada",98844,299700,297500,0%,967,751,2.8%,5%,$45,$45, $	152.83 , $	71.67 , $	174.40 ,$96.70, $	58.58 ,$96.70,1.71%,1.72%,0.01%,0.32%
"Hoboken , New Jersey",25132,693400,573400,2%,2231,1539,4.2%,4%,$96,$96, $	747.17 , $	112.46 , $	300.30 ,$223.10, $	59.25 ,$223.10,1.30%,1.57%,0.27%,0.32%
"San Marcos , California",29171,494400,482700,0%,1585,1171,3.4%,5%,$74,$74, $	441.42 , $	71.32 , $	240.46 ,$158.50, $	66.08 ,$158.50,1.45%,1.49%,0.04%,0.32%
"Boston , Massachusetts",266724,487300,395500,2%,1539,1073,4.1%,3%,$43,$62, $	268.75 , $	127.52 , $	235.90 ,$153.90, $	99.17 ,$153.90,1.70%,2.10%,0.40%,0.32%
"Lake Forest , California",28713,621000,595400,0%,1949,1582,2.3%,3%,$60,$78, $	373.33 , $	89.59 , $	275.05 ,$194.90, $	66.08 ,$194.90,1.81%,1.89%,0.08%,0.31%
"Santa Rosa , California",66629,490000,475900,0%,1531,1046,4.3%,3%,$38,$61, $	324.83 , $	70.69 , $	235.11 ,$153.10, $	66.08 ,$153.10,1.68%,1.73%,0.05%,0.31%
"Concord , California",46475,509500,489900,0%,1583,1131,3.8%,1%,$21,$63, $	332.50 , $	73.50 , $	240.27 ,$158.30, $	66.08 ,$158.30,1.68%,1.75%,0.07%,0.31%
"Missoula , Montana",31393,262500,239000,1%,813,612,3.2%,5%,$38,$38, $	236.83 , $	150.89 , $	155.81 ,$81.30, $	97.92 ,$81.30,0.69%,0.75%,0.07%,0.31%
"Portland , Oregon",264428,383600,296000,3%,1187,721,5.7%,3%,$40,$47, $	326.58 , $	90.32 , $	199.26 ,$118.70, $	53.58 ,$118.70,1.27%,1.64%,0.37%,0.31%
"Carmichael, California",26144,359800,368200,-0%,1107,831,3.2%,5%,$52,$52, $	239.17 , $	51.91 , $	190.43 ,$110.70, $	66.08 ,$110.70,1.54%,1.51%,-0.04%,0.31%
"Alexandria , Virginia",69979,557000,495100,1%,1702,1256,3.4%,4%,$68,$68, $	452.33 , $	170.53 , $	251.86 ,$170.20, $	79.92 ,$170.20,1.27%,1.43%,0.16%,0.31%
"Ellicott City, Maryland",25671,527700,557400,-1%,1605,1114,4.1%,6%,$98,$98, $	526.58 , $	121.17 , $	242.43 ,$160.50, $	72.17 ,$160.50,1.04%,0.98%,-0.06%,0.30%
"Miami Beach , Florida",44283,443400,377500,2%,1338,921,4.2%,6%,$78,$78, $	379.00 , $	618.73 , $	215.39 ,$133.80, $	297.92 ,$133.80,-0.23%,-0.28%,-0.04%,0.30%
"El Cajon , California",32844,430700,403800,1%,1277,939,3.5%,3%,$32,$51, $	272.08 , $	62.13 , $	208.96 ,$127.70, $	66.08 ,$127.70,1.55%,1.65%,0.10%,0.30%
"San Buenaventura (Ventura) , California",41096,537200,545300,-0%,1579,1249,2.6%,3%,$44,$63, $	316.08 , $	77.50 , $	239.87 ,$157.90, $	66.08 ,$157.90,1.62%,1.59%,-0.02%,0.29%
"Inglewood , California",36604,431400,422400,0%,1267,911,3.7%,1%,$18,$51, $	287.75 , $	62.24 , $	207.89 ,$126.70, $	66.08 ,$126.70,1.48%,1.51%,0.03%,0.29%
"Redmond , Washington",25358,631700,462900,4%,1855,1184,5.1%,4%,$70,$74, $	412.92 , $	120.69 , $	266.35 ,$185.50, $	54.42 ,$185.50,1.51%,2.06%,0.55%,0.29%
"Kirkland , Washington",36143,607800,502500,2%,1776,1181,4.6%,3%,$46,$71, $	391.42 , $	116.13 , $	258.92 ,$177.60, $	54.42 ,$177.60,1.50%,1.82%,0.31%,0.29%
"Daly City , California",31620,711800,616800,2%,2075,1334,5.0%,2%,$37,$83, $	422.42 , $	102.69 , $	286.48 ,$207.50, $	66.08 ,$207.50,1.64%,1.89%,0.25%,0.29%
"Anaheim , California",100615,538700,512800,1%,1569,1153,3.5%,4%,$60,$63, $	343.75 , $	77.72 , $	238.88 ,$156.90, $	66.08 ,$156.90,1.53%,1.61%,0.08%,0.29%
"East Los Angeles, California",31544,375700,373400,0%,1091,817,3.3%,3%,$33,$44, $	279.83 , $	54.20 , $	188.63 ,$109.10, $	66.08 ,$109.10,1.33%,1.34%,0.01%,0.29%
"Arlington, Virginia",104716,669400,569800,2%,1936,1448,3.3%,5%,$91,$91, $	494.58 , $	204.94 , $	273.85 ,$193.60, $	79.92 ,$193.60,1.22%,1.43%,0.21%,0.29%
"Thousand Oaks , California",45777,695400,682600,0%,2008,1624,2.4%,4%,$80,$80, $	449.08 , $	100.32 , $	280.43 ,$200.80, $	66.08 ,$200.80,1.55%,1.58%,0.03%,0.29%
"Cambridge , Massachusetts",46184,719300,543000,3%,2071,1369,4.7%,4%,$79,$83, $	298.75 , $	188.23 , $	286.12 ,$207.10, $	99.17 ,$207.10,1.68%,2.23%,0.55%,0.29%
"Bellingham , Washington",35694,347100,313900,1%,999,718,3.7%,2%,$22,$40, $	239.25 , $	66.32 , $	178.13 ,$99.90, $	54.42 ,$99.90,1.30%,1.44%,0.14%,0.29%
"Somerville , Massachusetts",32851,616100,449100,4%,1763,1175,4.6%,3%,$48,$71, $	374.83 , $	161.23 , $	257.69 ,$176.30, $	99.17 ,$176.30,1.41%,1.93%,0.52%,0.29%
"Tustin , California",26132,618500,584400,1%,1765,1363,2.9%,4%,$76,$76, $	458.92 , $	89.23 , $	257.88 ,$176.50, $	66.08 ,$176.50,1.37%,1.45%,0.08%,0.29%
"Garden Grove , California",48031,519600,478900,1%,1480,1200,2.4%,1%,$19,$59, $	331.58 , $	74.96 , $	229.99 ,$148.00, $	66.08 ,$148.00,1.47%,1.59%,0.12%,0.28%
"Irvine , California",95371,797100,687300,2%,2259,1715,3.1%,4%,$79,$90, $	572.08 , $	114.99 , $	302.74 ,$225.90, $	66.08 ,$225.90,1.43%,1.66%,0.23%,0.28%
"Upland , California",26875,489600,495900,-0%,1387,1048,3.2%,1%,$19,$55, $	286.58 , $	70.63 , $	220.49 ,$138.70, $	66.08 ,$138.70,1.51%,1.49%,-0.02%,0.28%
"San Diego , California",503463,569100,510200,1%,1611,1186,3.5%,4%,$63,$64, $	359.08 , $	82.10 , $	243.02 ,$161.10, $	66.08 ,$161.10,1.48%,1.65%,0.17%,0.28%
"El Monte , California",29566,427400,410700,0%,1204,952,2.6%,4%,$49,$49, $	343.83 , $	61.66 , $	201.11 ,$120.40, $	66.08 ,$120.40,1.20%,1.25%,0.05%,0.28%
"Scottsdale , Arizona",111221,455900,484200,-1%,1284,968,3.2%,8%,$98,$98, $	203.67 , $	167.90 , $	209.70 ,$128.40, $	67.75 ,$128.40,1.25%,1.18%,-0.07%,0.28%
"Arden-Arcade, California",41631,353400,359900,-0%,994,776,2.8%,6%,$55,$55, $	238.75 , $	50.98 , $	177.55 ,$99.40, $	66.08 ,$99.40,1.27%,1.24%,-0.02%,0.28%
"Napa , California",28457,581100,537300,1%,1614,1093,4.4%,4%,$58,$65, $	380.00 , $	83.83 , $	243.31 ,$161.40, $	66.08 ,$161.40,1.41%,1.52%,0.11%,0.28%
"Livermore , California",31534,692000,603700,2%,1909,1185,5.4%,3%,$53,$76, $	508.50 , $	99.83 , $	271.37 ,$190.90, $	66.08 ,$190.90,1.32%,1.51%,0.19%,0.28%
"Sandy Springs , Georgia",45833,447800,438600,0%,1230,835,4.4%,8%,$102,$102, $	356.25 , $	327.64 , $	203.92 ,$123.00, $	91.92 ,$123.00,0.31%,0.32%,0.01%,0.27%
"San Leandro , California",31727,543100,509400,1%,1491,1060,3.9%,2%,$31,$60, $	397.67 , $	78.35 , $	231.09 ,$149.10, $	66.08 ,$149.10,1.27%,1.35%,0.08%,0.27%
"Laguna Niguel , California",25360,795300,756200,1%,2181,1644,3.2%,4%,$79,$87, $	442.75 , $	114.73 , $	295.91 ,$218.10, $	66.08 ,$218.10,1.54%,1.62%,0.08%,0.27%
"Orange , California",42969,635500,603100,1%,1735,1318,3.1%,3%,$57,$69, $	398.17 , $	91.68 , $	255.02 ,$173.50, $	66.08 ,$173.50,1.41%,1.49%,0.08%,0.27%
"New Rochelle , New York",28073,562700,629600,-1%,1494,1097,3.5%,3%,$46,$60, $	833.33 , $	161.39 , $	231.40 ,$149.40, $	77.92 ,$149.40,0.13%,0.11%,-0.01%,0.27%
"Downey , California",33187,525500,535200,-0%,1376,1063,2.9%,2%,$29,$55, $	350.67 , $	75.81 , $	219.35 ,$137.60, $	66.08 ,$137.60,1.23%,1.21%,-0.02%,0.26%
"Washington , District of Columbia",281322,568400,454600,3%,1487,971,4.8%,6%,$89,$89, $	272.25 , $	58.83 , $	230.69 ,$148.70, $	58.83 ,$148.70,1.45%,1.81%,0.36%,0.26%
"Westminster , California",27529,581900,553200,1%,1489,1190,2.5%,2%,$28,$60, $	379.92 , $	83.95 , $	230.89 ,$148.90, $	66.08 ,$148.90,1.21%,1.27%,0.06%,0.26%
"Carlsbad , California",43293,770100,668900,2%,1970,1422,3.7%,3%,$55,$79, $	541.08 , $	111.10 , $	276.97 ,$197.00, $	66.08 ,$197.00,1.19%,1.37%,0.18%,0.26%
"Walnut Creek , California",31105,758500,706000,1%,1939,1294,4.6%,3%,$64,$78, $	527.83 , $	109.42 , $	274.13 ,$193.90, $	66.08 ,$193.90,1.20%,1.29%,0.09%,0.26%
"Fremont , California",74445,863800,644300,3%,2188,1373,5.3%,4%,$90,$90, $	572.58 , $	124.62 , $	296.52 ,$218.80, $	66.08 ,$218.80,1.23%,1.65%,0.42%,0.25%
"Costa Mesa , California",41019,707600,665100,1%,1786,1368,3.0%,3%,$54,$71, $	437.33 , $	102.08 , $	259.87 ,$178.60, $	66.08 ,$178.60,1.25%,1.33%,0.08%,0.25%
"Bellevue , Washington",57054,737000,563300,3%,1855,1118,5.8%,5%,$85,$85, $	464.42 , $	140.81 , $	266.35 ,$185.50, $	54.42 ,$185.50,1.16%,1.52%,0.36%,0.25%
"Huntington Beach , California",76821,728200,712900,0%,1832,1395,3.1%,2%,$42,$73, $	436.17 , $	105.05 , $	264.20 ,$183.20, $	66.08 ,$183.20,1.27%,1.30%,0.03%,0.25%
"Fullerton , California",45782,625800,595300,1%,1563,1213,2.9%,4%,$55,$63, $	386.33 , $	90.28 , $	238.29 ,$156.30, $	66.08 ,$156.30,1.21%,1.27%,0.06%,0.25%
"San Jose , California",321835,793100,643200,2%,1970,1254,5.1%,3%,$61,$79, $	579.83 , $	114.42 , $	276.97 ,$197.00, $	66.08 ,$197.00,1.09%,1.35%,0.25%,0.25%
"Whittier , California",27605,528400,524600,0%,1312,998,3.1%,3%,$34,$52, $	354.25 , $	76.23 , $	212.66 ,$131.20, $	66.08 ,$131.20,1.10%,1.11%,0.01%,0.25%
"San Ramon , California",25150,919700,773700,2%,2282,1479,4.9%,8%,$176,$176, $	782.33 , $	132.68 , $	304.74 ,$228.20, $	66.08 ,$228.20,0.86%,1.02%,0.16%,0.25%
"Seattle , Washington",323446,605200,457900,3%,1496,884,6.0%,3%,$39,$60, $	384.33 , $	115.63 , $	231.60 ,$149.60, $	54.42 ,$149.60,1.10%,1.45%,0.35%,0.25%
"New York , New York",3154103,570500,520000,1%,1396,960,4.2%,3%,$47,$56, $	370.50 , $	163.63 , $	221.41 ,$139.60, $	77.92 ,$139.60,0.94%,1.03%,0.09%,0.24%
"Santa Clara , California",44079,927200,649400,4%,2261,1356,5.8%,3%,$70,$90, $	561.33 , $	133.76 , $	302.92 ,$226.10, $	66.08 ,$226.10,1.22%,1.75%,0.52%,0.24%
"Pleasanton , California",28498,933500,790100,2%,2251,1444,5.1%,4%,$86,$90, $	601.67 , $	134.67 , $	302.05 ,$225.10, $	66.08 ,$225.10,1.15%,1.36%,0.21%,0.24%
"Long Beach , California",166460,519300,512700,0%,1252,945,3.2%,4%,$44,$50, $	318.58 , $	74.92 , $	206.29 ,$125.20, $	66.08 ,$125.20,1.10%,1.12%,0.01%,0.24%
"Hawthorne , California",29281,499200,502200,-0%,1188,923,2.8%,2%,$27,$48, $	369.42 , $	72.02 , $	199.37 ,$118.80, $	66.08 ,$118.80,0.92%,0.91%,-0.01%,0.24%
"Burbank , California",41505,688500,614600,1%,1630,1192,3.5%,3%,$42,$65, $	412.92 , $	99.33 , $	244.88 ,$163.00, $	66.08 ,$163.00,1.12%,1.26%,0.14%,0.24%
"Alhambra , California",29427,582600,521300,1%,1349,1063,2.7%,1%,$16,$54, $	372.50 , $	84.05 , $	216.54 ,$134.90, $	66.08 ,$134.90,1.00%,1.12%,0.12%,0.23%
"Torrance , California",54360,724700,671600,1%,1672,1286,3.0%,3%,$42,$67, $	474.17 , $	104.55 , $	248.96 ,$167.20, $	66.08 ,$167.20,1.01%,1.09%,0.08%,0.23%
"Los Angeles , California",1373864,599700,559700,1%,1376,971,3.9%,4%,$48,$55, $	382.92 , $	86.52 , $	219.35 ,$137.60, $	66.08 ,$137.60,0.99%,1.06%,0.07%,0.23%
"San Mateo , California",38583,1007200,772900,3%,2301,1413,5.6%,4%,$101,$101, $	618.75 , $	145.30 , $	306.39 ,$230.10, $	66.08 ,$230.10,1.07%,1.40%,0.32%,0.23%
"Redondo Beach , California",27621,875000,785600,1%,1987,1487,3.3%,4%,$79,$79, $	569.00 , $	126.23 , $	278.52 ,$198.70, $	66.08 ,$198.70,1.01%,1.12%,0.11%,0.23%
"Boulder , Colorado",42643,645600,491300,3%,1466,948,5.0%,4%,$57,$59, $	287.00 , $	273.51 , $	228.57 ,$146.60, $	118.08 ,$146.60,0.88%,1.15%,0.28%,0.23%
"Urban Honolulu, Hawaii",128814,652200,524600,2%,1465,1043,3.8%,7%,$97,$97, $	155.25 , $	32.76 , $	228.47 ,$146.50, $	28.08 ,$146.50,1.48%,1.84%,0.36%,0.22%
"Bethesda, Maryland",25507,897400,830800,1%,2004,1636,2.3%,5%,$100,$100, $	721.00 , $	206.06 , $	280.07 ,$200.40, $	72.17 ,$200.40,0.66%,0.72%,0.05%,0.22%
"Pasadena , California",54394,737100,659300,1%,1598,1158,3.6%,3%,$51,$64, $	452.50 , $	106.34 , $	241.74 ,$159.80, $	66.08 ,$159.80,0.93%,1.04%,0.11%,0.22%
"Alameda , California",30365,797300,669200,2%,1720,1185,4.2%,3%,$46,$69, $	586.08 , $	115.02 , $	253.58 ,$172.00, $	66.08 ,$172.00,0.79%,0.94%,0.15%,0.22%
"Oakland , California",161483,627800,532500,2%,1354,926,4.3%,2%,$30,$54, $	488.33 , $	90.57 , $	217.06 ,$135.40, $	66.08 ,$135.40,0.70%,0.83%,0.13%,0.22%
"Glendale , California",73871,724800,646900,1%,1529,1114,3.6%,3%,$38,$61, $	414.25 , $	104.56 , $	234.91 ,$152.90, $	66.08 ,$152.90,0.93%,1.04%,0.11%,0.21%
"Sunnyvale , California",55938,1111800,722700,5%,2332,1361,6.2%,4%,$84,$93, $	621.50 , $	160.39 , $	309.07 ,$233.20, $	66.08 ,$233.20,0.99%,1.52%,0.53%,0.21%
"Newton , Massachusetts",30849,886100,714000,2%,1829,1391,3.1%,2%,$31,$73, $	726.83 , $	231.88 , $	263.92 ,$182.90, $	99.17 ,$182.90,0.47%,0.59%,0.11%,0.21%
"Redwood City , California",30157,1127100,820800,4%,2148,1260,6.1%,2%,$49,$86, $	599.42 , $	162.60 , $	292.99 ,$214.80, $	66.08 ,$214.80,0.84%,1.16%,0.31%,0.19%
"Mountain View , California",33707,1214800,783600,5%,2314,1354,6.1%,5%,$109,$109, $	718.42 , $	175.25 , $	307.51 ,$231.40, $	66.08 ,$231.40,0.76%,1.18%,0.42%,0.19%
"San Francisco , California",359673,1009500,801000,3%,1805,1264,4.0%,3%,$52,$72, $	650.50 , $	145.64 , $	261.66 ,$180.50, $	66.08 ,$180.50,0.59%,0.74%,0.15%,0.18%
"Santa Barbara , California",36699,993600,991500,0%,1737,1311,3.2%,2%,$31,$69, $	504.67 , $	143.34 , $	255.21 ,$173.70, $	66.08 ,$173.70,0.71%,0.71%,0.00%,0.17%
"Berkeley , California",44978,938400,728600,3%,1612,1120,4.1%,3%,$40,$64, $	665.92 , $	135.38 , $	243.12 ,$161.20, $	66.08 ,$161.20,0.44%,0.56%,0.13%,0.17%
"Santa Monica , California",45487,1242100,998800,2%,1734,1345,2.9%,2%,$28,$69, $	715.58 , $	179.19 , $	254.92 ,$173.40, $	66.08 ,$173.40,0.33%,0.41%,0.08%,0.14%
"Palo Alto , California",26212,2000000,2000000,0%,2471,1567,5.2%,4%,$109,$109, $	833.33 , $	288.53 , $	320.92 ,$247.10, $	66.08 ,$247.10,0.40%,0.40%,0.00%,0.12%
"Newport Beach , California",37870,1787300,1000000,7%,2175,1789,2.2%,9%,$185,$185, $	833.33 , $	257.84 , $	295.38 ,$217.50, $	66.08 ,$217.50,0.26%,0.46%,0.20%,0.12%